,Word (Gaddang),Word (English),Word (Filipino),Meaning,Gaddang Example Sentence,English Example Sentence,POS (Parts of Speech),Source
1,abak na kayu,trunk of a tree,katawan ng puno,"The thick, central stem of a tree that supports the branches and carries nutrients between the roots and leaves.",,,Noun,A Gaddang Vocabulary by: Yukihiro Yamada
2,abbing,child,bata,A young person of either sex.,,,Noun,A Gaddang Vocabulary by: Yukihiro Yamada
3,abbut,hole,butas,An opening into or through something.,,,Noun,A Gaddang Vocabulary by: Yukihiro Yamada
4,addan,ladder,hagdan,Steps consisting of two parallel members connected by rungs; for climbing up or down.,,,Noun,A Gaddang Vocabulary by: Yukihiro Yamada
5,addug,thunder,kulog,"The loud sound that follows lightning, caused by the rapid expansion of air.",,,Noun,A Gaddang Vocabulary by: Yukihiro Yamada
6,addug,many,marami,A quantifier that can be used with count nouns and is often preceded by `as' or `too' or `so' or `that'; amounting to a large but indefinite number.,,,Adjective,A Gaddang Vocabulary by: Yukihiro Yamada
7,adu,"bile, gall",apdo,A digestive fluid produced by the liver and stored in the gallbladder to help break down fats.,,,Noun,Austronesian Basic Vocabulary Database.
8,adu,grandson,apo,A male grandchild.,,,Noun,A Gaddang Vocabulary by: Yukihiro Yamada
9,adwa,two,dalawa,The cardinal number that is the sum of one and one or a numeral representing this number.,,,Other,A Gaddang Vocabulary by: Yukihiro Yamada
10,adwafulu,twenty,dalawampu,The cardinal number that is the sum of nineteen and one.,,,Noun,A Gaddang Vocabulary by: Yukihiro Yamada
11,adwafulu tata,twenty one,dalawampu't isa,The cardinal number that is the sum of twenty and one.,,,Other,A Gaddang Vocabulary by: Yukihiro Yamada
12,adwatut,two hundred,dalawang daan,The cardinal number that is the product of 2 and 100.,,,Other,A Gaddang Vocabulary by: Yukihiro Yamada
13,afa,shoulder,balikat,The part of the body between the neck and the upper arm.,,,Noun,Austronesian Basic Vocabulary Database.
14,afug,lime,apog,a caustic substance produced by heating limestone,,,Noun,A Gaddang Vocabulary by: Yukihiro Yamada
15,afuy,fire,apoy,the event of something burning (often destructive),,,Noun,Construal of selected Gaddang lexicon and their cultural implications. Research & Reviews: Journal of Linguistics
16,akad,mouse,daga,Any of numerous small rodents typically resembling diminutive rats having pointed snouts and small ears on elongated bodies with slender usually hairless tails.,,,Noun,A Gaddang Vocabulary by: Yukihiro Yamada
17,akkatolay,like,gusto,"To find something enjoyable, pleasing, or satisfactory.",,,Other,A Gaddang Vocabulary by: Yukihiro Yamada
18,akunan,to gather,magtipon,To bring together or collect things or people into one place.,akunan ino nebebay ira a barasi,Gather hanged clothes,Other,A Gaddang Vocabulary by: Yukihiro Yamada
19,akwan,to make,gumawa,"To create, produce, or cause something to exist or happen.",neno nangwa si toye?,Who made this?,Other,A Gaddang Vocabulary by: Yukihiro Yamada
20,akwan,do,gawin,"To perform an action, task, or activity.",sanna yo akwan diaw sinay?,What are you doing there?,Verb,A Gaddang Vocabulary by: Yukihiro Yamada
21,al,liver,atay,Large and complicated reddish-brown glandular organ located in the upper right portion of the abdominal cavity; secretes bile and functions in metabolism of protein and carbohydrate and fat; synthesizes substances involved in the clotting of the blood; synthesizes vitamin A; detoxifies poisonous substances and breaks down worn-out erythrocytes.,,,Noun,Austronesian Basic Vocabulary Database.
22,alang,front,harap,The side that is forward or prominent.,,,Noun,A Gaddang Vocabulary by: Yukihiro Yamada
23,alawan,"to rescue, save",sagipin,To deliver someone or something from danger or harm.,inalona ino abbing a maanud,He saved the child from drowning,Other,A Gaddang Vocabulary by: Yukihiro Yamada
24,alinta,leech,linta,Carnivorous or bloodsucking aquatic or terrestrial worms typically having a sucker at each end,,,Noun,A Gaddang Vocabulary by: Yukihiro Yamada
25,alu,pertle,halo,A heavy tool used with a mortar to crush or grind substances.,,,Noun,A Gaddang Vocabulary by: Yukihiro Yamada
26,alum,flood,baha,The rising of a body of water and its overflowing onto normally dry land.,,,Noun,A Gaddang Vocabulary by: Yukihiro Yamada
27,alunig,earthquake,lindol,"A sudden shaking of the ground caused by movements within the earth’s crust or volcanic action, often resulting in damage.",,,Noun,A Gaddang Vocabulary by: Yukihiro Yamada
28,ama,father,tatay,A male parent (also used as a term of address to your father).,,,Noun,A Gaddang Vocabulary by: Yukihiro Yamada
29,ama,crab,alimango,Decapod having eyes on short stalks and a broad flattened carapace with a small abdomen folded under the thorax and pincers.,,,Noun,A Gaddang Vocabulary by: Yukihiro Yamada
30,ammin,all,lahat,Quantifier; used with either mass or count nouns to indicate the whole number or amount of or every one of a class.,,,Other,A Gaddang Vocabulary by: Yukihiro Yamada
31,ammuk,know,alam,The fact of being aware of information that is known to few people.,ammura yo datang ku,They know of my arrival,Verb,A Gaddang Vocabulary by: Yukihiro Yamada
32,anak,son or daughter,anak,A child in relation to their parents.,,,Noun,A Gaddang Vocabulary by: Yukihiro Yamada
33,anay,termite,anay,Whitish soft-bodied ant-like social insect that feeds on wood,,,Noun,A Gaddang Vocabulary by: Yukihiro Yamada
34,angin,typhoon,bagyo,A tropical cyclone occurring in the western Pacific or Indian oceans.,,,Noun,A Gaddang Vocabulary by: Yukihiro Yamada
35,aninu,"shadow, shadow-figure",anino,A dark shape or outline cast on a surface when an object blocks light.,,,Noun,A Gaddang Vocabulary by: Yukihiro Yamada
36,annam,six,anim,The cardinal number that is the sum of five and one.,,,Other,A Gaddang Vocabulary by: Yukihiro Yamada
37,annamafulu,sixty,animnapu,The cardinal number that is the product of ten and six.,,,Noun,A Gaddang Vocabulary by: Yukihiro Yamada
38,annamatut,six hundred,anim na raan,The cardinal number that is the product of 6 and 100.,,,Other,A Gaddang Vocabulary by: Yukihiro Yamada
39,antu,"""true""",totoo,In accordance with fact or reality; accurate and correct.,,,Other,A Gaddang Vocabulary by: Yukihiro Yamada
40,appat,four,apat,The cardinal number that is the sum of three and one.,,,Other,A Gaddang Vocabulary by: Yukihiro Yamada
41,appatatut,four hundred,apat na raan,The cardinal number that is the product of 4 and 100.,,,Other,A Gaddang Vocabulary by: Yukihiro Yamada
42,arani,near,malapit,"Close in distance, time, or relationship.",,,Other,A Gaddang Vocabulary by: Yukihiro Yamada
43,araramuk,drizzle,ambon,Very light rain; stronger than mist but less than a shower.,,,Noun,A Gaddang Vocabulary by: Yukihiro Yamada
44,ari,pillar,haligi,a fundamental principle or practice,,,Noun,Construal of selected Gaddang lexicon and their cultural implications. Research & Reviews: Journal of Linguistics
45,aroddag,long,mahaba,Measuring a great distance from end to end; extending far.,,,Adverb,A Gaddang Vocabulary by: Yukihiro Yamada
46,aroyu,far,malayo,"At a great distance in space, time, or relationship.",,,Adverb,A Gaddang Vocabulary by: Yukihiro Yamada
47,asin,salt,asin,A compound formed by replacing hydrogen in an acid by a metal (or a radical that acts like a metal).,,,Noun,A Gaddang Vocabulary by: Yukihiro Yamada
48,asit,thorn,tinik,"A small, sharp pointed growth on the stem or branch of a plant.",,,Noun,A Gaddang Vocabulary by: Yukihiro Yamada
49,assiyam,nine,siyam,The cardinal number that is the sum of eight and one.,,,Other,A Gaddang Vocabulary by: Yukihiro Yamada
50,atallin,tight,mahigpit,"Firmly fixed, stretched, or held together; not loose.",,,Noun,A Gaddang Vocabulary by: Yukihiro Yamada
51,atalluwang,loose,maluwag,"Not firmly fixed, attached, or held; free or slack.",,,Adjective,A Gaddang Vocabulary by: Yukihiro Yamada
52,atannang,high,mataas,Extending a great distance upward; tall or elevated.,,,Adjective,A Gaddang Vocabulary by: Yukihiro Yamada
53,atap,roof,bubong,a protective covering that covers or forms the top of a building,,,Noun,Construal of selected Gaddang lexicon and their cultural implications. Research & Reviews: Journal of Linguistics
54,atappan,to roof,bubungan,To cover a building with a roof for protection from weather.,atappan nu ino,"Roof the house with cogon grass, nipa palm",Other,Construal of selected Gaddang lexicon and their cultural implications. Research & Reviews: Journal of Linguistics
55,atawa,spouse,asawa,A person's partner in marriage.,,,Noun,A Gaddang Vocabulary by: Yukihiro Yamada
56,atlut,"break wind, fart",utot,The release of intestinal gas through the anus.,,,Noun,Austronesian Basic Vocabulary Database.
57,attay,excreta,dumi,Waste matter (as urine or sweat but especially feces) discharged from the body.,,,Noun,Austronesian Basic Vocabulary Database.
58,attung,mortar,lusong,"A sturdy bowl, usually made of stone or wood, used with a pestle for grinding or crushing substances.",,,Noun,A Gaddang Vocabulary by: Yukihiro Yamada
59,atu,dog,aso,A member of the genus Canis (probably descended from the common wolf) that has been domesticated by man since prehistoric times; occurs in many breeds.,,,Noun,A Gaddang Vocabulary by: Yukihiro Yamada
60,atuk,smoke,usok,a cloud of fine particles suspended in a gas,,,Noun,Construal of selected Gaddang lexicon and their cultural implications. Research & Reviews: Journal of Linguistics
61,aw,daytime,araw,The time after sunrise and before sunset while it is light outside.,,,Noun,A Gaddang Vocabulary by: Yukihiro Yamada
62,ayod,hammock,duyan,"A hanging bed made of fabric or netting, suspended between two supports.",,,Noun,A Gaddang Vocabulary by: Yukihiro Yamada
63,bafay,woman,babae,An adult female person (as opposed to a man).,,,Noun,A Gaddang Vocabulary by: Yukihiro Yamada
64,bafuy,pig,baboy,"A farm animal with a stout body and snout, raised for its meat such as pork.",,,Noun,A Gaddang Vocabulary by: Yukihiro Yamada
65,baggang,live coal,bagang,A glowing piece of partially burned wood or charcoal that is still hot.,,,Adjective,Construal of selected Gaddang lexicon and their cultural implications. Research & Reviews: Journal of Linguistics
66,baggat,husked rice,bigas,Rice grains with the husk removed but not yet cooked.,,,Verb,A Gaddang Vocabulary by: Yukihiro Yamada
67,baggaw,"light, bright",liwanag,Having much natural or artificial illumination; shining or radiant.,,,Noun,A Gaddang Vocabulary by: Yukihiro Yamada
68,bakkan,no,hindi,"Used to express refusal, denial, or disagreement.",,,Other,A Gaddang Vocabulary by: Yukihiro Yamada
69,bakulud,mountain,bundok,A land mass that projects well above its surroundings; higher than a hill.,,,Noun,A Gaddang Vocabulary by: Yukihiro Yamada
70,balag,flesh,laman,The soft tissue of the body of a vertebrate: mainly muscle tissue and fat.,,,Noun,A Gaddang Vocabulary by: Yukihiro Yamada
71,balansina,eggplant,talong,Egg-shaped vegetable having a shiny skin typically dark purple but occasionally white or yellow.,,,Noun,A Gaddang Vocabulary by: Yukihiro Yamada
72,balay,house,bahay,a dwelling that serves as living quarters for one or more families,,,Noun,Construal of selected Gaddang lexicon and their cultural implications. Research & Reviews: Journal of Linguistics
73,baliyang,iron,bakal,"A strong, hard metal used for construction, tools, and machinery.",,,Noun,A Gaddang Vocabulary by: Yukihiro Yamada
74,ballukan,bend,baluktot,To shape or force something straight into a curve or angle.,ballukan nu ino baliyang,Bend the iron,Noun,A Gaddang Vocabulary by: Yukihiro Yamada
75,balu,burnt rice,tutong,"Rice that has been overcooked and charred, often sticking to the pot.",,,Noun,A Gaddang Vocabulary by: Yukihiro Yamada
76,balu,widow,biyuda,A woman whose husband is dead especially one who has not remarried.,,,Noun,A Gaddang Vocabulary by: Yukihiro Yamada
77,bangka,boat,bangka,A small vessel for travel on water.,,,Noun,A Gaddang Vocabulary by: Yukihiro Yamada
78,bangngag,deaf,bingi,People who have severe hearing impairments.,,,Noun,Austronesian Basic Vocabulary Database.
79,bangngag,lungs,baga,Either of two saclike respiratory organs in the chest of vertebrates; serves to remove carbon dioxide and provide oxygen to the blood.,,,Noun,Austronesian Basic Vocabulary Database.
80,barasi,clothing,damit,A covering designed to be worn on a person's body.,,,Noun,A Gaddang Vocabulary by: Yukihiro Yamada
81,bat ,banana,saging,Any of several tropical and subtropical treelike herbs of the genus Musa having a terminal crown of large entire leaves and usually bearing hanging clusters of elongated fruits.,,,Noun,A Gaddang Vocabulary by: Yukihiro Yamada
82,batu,stone,bato,A lump or mass of hard consolidated mineral matter.,,,Noun,A Gaddang Vocabulary by: Yukihiro Yamada
83,bawu,new,bago,Not of long duration; having just (or relatively recently) come into being or been made or acquired or discovered.,,,Adjective,A Gaddang Vocabulary by: Yukihiro Yamada
84,bayon,bag made of buri palm,bayong,"A handwoven container crafted from the leaves of the buri palm, commonly used for carrying or storing items",,,Noun,Verbix. (n.d.). Gaddang language resources.
85,bebay,sea,dagat,A division of an ocean or a large body of salt water partially enclosed by land.,,,Noun,A Gaddang Vocabulary by: Yukihiro Yamada
86,bifig,lips,labi,Either of two fleshy folds of tissue that sorroung the mouth and play a role in speaking.,,,Noun,Austronesian Basic Vocabulary Database.
87,bilat,needle,karayom,The leaf of a conifer.,,,Noun,A Gaddang Vocabulary by: Yukihiro Yamada
88,binarayan,wine,alak,Fermented juice (of grapes especially).,,,Noun,A Gaddang Vocabulary by: Yukihiro Yamada
89,bini,seed for planting,binhi,A seed used to grow a new plant.,,,Noun,A Gaddang Vocabulary by: Yukihiro Yamada
90,bitun,star,bituin,A celestial body of hot gases that radiates energy derived from thermonuclear reactions in the interior.,,,Noun,A Gaddang Vocabulary by: Yukihiro Yamada
91,biyad,wound,sugat,An injury to living tissue (especially an injury involving a cut or break in the skin).,,,Noun,A Gaddang Vocabulary by: Yukihiro Yamada
92,"bola, palannyag",thread,sinulid,A fine cord of twisted fibers (of cotton or silk or wool or nylon etc.) used in sewing and weaving.,,,Noun,A Gaddang Vocabulary by: Yukihiro Yamada
93,boyang mamefu dolam,"naked, from the waist down",hubad (ibaba),Having no clothing on the lower body.,boyang mamefu to abak makkiyad si dolam,naked from the waist down,Verb,A Gaddang Vocabulary by: Yukihiro Yamada
94,boyang mamefu uttun,"naked, from the waist up",hubad (itaas),Having no clothing on the upper body.,boyang mamefu to abak makkiyad si uttun,naked from the waist up,Verb,A Gaddang Vocabulary by: Yukihiro Yamada
95,buk,hair,buhok,A covering for the body (or parts of it) consisting of a dense growth of threadlike structures (as on the human head); helps to prevent heat loss,,,Noun,A Gaddang Vocabulary by: Yukihiro Yamada
96,bukal,seed,butil,A small hard fruit.,,,Noun,A Gaddang Vocabulary by: Yukihiro Yamada
97,bukkatan,to open,magbukas,"To move or remove a cover, lid, or barrier to make something accessible.",bukkatan no yu sawang,Open the window,Other,A Gaddang Vocabulary by: Yukihiro Yamada
98,bukkutan,to wrap,balutin,To cover or enclose something by folding or winding a material around it.,bukkutan nu ino amdut si papel,Wrap the garlic in the paper,Other,A Gaddang Vocabulary by: Yukihiro Yamada
99,bulag,blind,bulag,People who have severe visual impairments.,,,Adverb,Austronesian Basic Vocabulary Database.
100,bulawan,gold,ginto,"A soft yellow precious metallic element that is highly valued for its rarity and beauty; occurs in free form and in ores; used in jewelry, coins, electronics, and as a standard of wealth.",,,Noun,A Gaddang Vocabulary by: Yukihiro Yamada
101,bulu,slender bamboo,bulo,"A tall, thin, woody grass with hollow stems often used for building, crafting, or decoration.",,,Noun,A Gaddang Vocabulary by: Yukihiro Yamada
102,bunga,fruit,prutas,The ripened reproductive body of a seed plant.,,,Noun,A Gaddang Vocabulary by: Yukihiro Yamada
103,bunut,coconut husk,bunot,The fibrous outer covering of a coconut.,,,Noun,A Gaddang Vocabulary by: Yukihiro Yamada
104,burad,house lizard,butiki,"A small reptile that lives in houses and walls, often eating insects.",,,Noun,A Gaddang Vocabulary by: Yukihiro Yamada
105,busang,small,maliit,"Of limited size, amount, or extent; not large.",,,Adjective,A Gaddang Vocabulary by: Yukihiro Yamada
106,busilad,fish,isda,Any of various mostly cold-blooded aquatic vertebrates usually having scales and breathing through gills.,,,Noun,A Gaddang Vocabulary by: Yukihiro Yamada
107,buwod ,earthen jar,banga,"A container made of clay, often used for storing liquids or grains.",,,Noun,A Gaddang Vocabulary by: Yukihiro Yamada
108,buyun,mud,putik,Water soaked soil; soft wet earth.,,,Noun,A Gaddang Vocabulary by: Yukihiro Yamada
109,dadan,old,luma,Not new or recent.,,,Adjective,A Gaddang Vocabulary by: Yukihiro Yamada
110,daddaggan,to pursue,habulin,To follow or chase someone or something in order to catch or achieve it.,dinaddag da pedro anne no  bulunnera ino gumakkokot,Pedro and others are the one who pursued robbers,Other,A Gaddang Vocabulary by: Yukihiro Yamada
111,daddaramat,morning,umaga,The time period between dawn and noon.,,,Noun,A Gaddang Vocabulary by: Yukihiro Yamada
112,daffug,carabao,kalabaw,Water buffalo of the Philippines,,,Noun,A Gaddang Vocabulary by: Yukihiro Yamada
113,daggan,mucous,sipon,A slippery sticky substance produced by the body to protect and lubricate tissues.,,,Noun,Austronesian Basic Vocabulary Database.
114,daggan,blood,dugo,"The fluid (red in vertebrates) that is pumped through the body by the heart and contains plasma, blood cells, and platelets.",,,Noun,A Gaddang Vocabulary by: Yukihiro Yamada
115,daingat na sinag,sun-beam,sinag ng araw,A ray of sunlight that shines through the sky or breaks through clouds.,,,Noun,A Gaddang Vocabulary by: Yukihiro Yamada
116,dakkag,moon,buwan,The natural satellite of the Earth.,,,Noun,A Gaddang Vocabulary by: Yukihiro Yamada
117,dalag,mudfish,hito,A freshwater fish that lives in muddy or swampy areas and can survive in low-oxygen water.,,,Noun,A Gaddang Vocabulary by: Yukihiro Yamada
118,dalan,road,daan,An open way (generally public) for travel or transportation.,,,Noun,A Gaddang Vocabulary by: Yukihiro Yamada
119,dalu,smell,amoy,The sensation that results when olfactory receptors in the nose are stimulated by particular chemicals in gaseous form.,daludalun ino atu ino afak,A dog is smelling the mat,Noun,A Gaddang Vocabulary by: Yukihiro Yamada
120,danak,field,bukid,"An open area of land, often used for farming or outdoor activities.",,,Noun,A Gaddang Vocabulary by: Yukihiro Yamada
121,dangan,hand span,dangkal,The distance from the tip of the thumb to the tip of the little finger of an outstretched hand.,,,Noun,A Gaddang Vocabulary by: Yukihiro Yamada
122,danum,water,tubig,Binary compound that occurs at room temperature as a clear colorless odorless tasteless liquid; freezes into ice below 0 degrees centigrade and boils above 100 degrees centigrade; widely used as a solvent.,,,Noun,A Gaddang Vocabulary by: Yukihiro Yamada
123,danum,river,ilog,A large natural stream of water (larger than a creek).,,,Noun,A Gaddang Vocabulary by: Yukihiro Yamada
124,dappa,fathom,dipa,A linear unit of measurement (equal to 6 feet) for water depth.,,,Noun,A Gaddang Vocabulary by: Yukihiro Yamada
125,darawi,left hand,kaliwa,"The hand on the left side of the body, used for performing tasks by some people.",,,Adjective,A Gaddang Vocabulary by: Yukihiro Yamada
126,"darolig, ruweda",wheel,gulong,A simple machine consisting of a circular frame with spokes (or a solid disc) that can rotate on a shaft or axle (as in vehicles or other machines).,,,Noun,A Gaddang Vocabulary by: Yukihiro Yamada
127,darundunan,slave,alipin,A person who is owned by someone.,,,Noun,A Gaddang Vocabulary by: Yukihiro Yamada
128,dat,sand,buhangin,A loose material consisting of grains of rock or coral.,,,Noun,A Gaddang Vocabulary by: Yukihiro Yamada
129,dattan,floor,sahig,"the inside lower horizontal surface (as of a room, hallway, tent, or other structure)",,,Noun,Construal of selected Gaddang lexicon and their cultural implications. Research & Reviews: Journal of Linguistics
130,dawun,year,taon,A period of time containing 365 (or 366) days.,,,Noun,A Gaddang Vocabulary by: Yukihiro Yamada
131,dila,tongue,dila,"A mobile mass of muscular tissue covered with mucous membrane, and located in the oral cavity.",,,Noun,Austronesian Basic Vocabulary Database.
132,dinding,wall,dingding,an architectural partition with a height and length greater than its thickness; used to divide or enclose an area or to support another structure,,,Noun,Construal of selected Gaddang lexicon and their cultural implications. Research & Reviews: Journal of Linguistics
133,dingaggan,heart,puso,The locus of feelings and intuitions.,nadingang ngu a mabid? / diningag ku ino radyo / dingaggan tam bagina,Did you hear him talk? / I listetend to the radio last night / Let's hear him,Noun,A Gaddang Vocabulary by: Yukihiro Yamada
134,dinnu,dew,hamog,Water that has condensed on a cool surface overnight from water vapor in the air.,,,Noun,A Gaddang Vocabulary by: Yukihiro Yamada
135,diwanan,right hand,kanan,"The hand on the right side of the body, used for writing or performing tasks by most people.",,,Adjective,A Gaddang Vocabulary by: Yukihiro Yamada
136,dokal,big,malaki,Above average in size or number or quantity or magnitude or extent.,,,Adjective,A Gaddang Vocabulary by: Yukihiro Yamada
137,dolam,down,ibaba,Toward a lower position or place; below.,dolamma lamesa,under the table,Adverb,A Gaddang Vocabulary by: Yukihiro Yamada
138,don,leaf,dahon,The main organ of photosynthesis and transpiration in higher plants.,,,Noun,A Gaddang Vocabulary by: Yukihiro Yamada
139,dudut,feather,balahibo,The light horny waterproof structure forming the external covering of birds.,,,Noun,A Gaddang Vocabulary by: Yukihiro Yamada
140,dudut na baggi,body hair,balahibo,Hair that naturally grows  on areas of the human body other than the scalp.,,,Noun,A Gaddang Vocabulary by: Yukihiro Yamada
141,dulam,cloud,ulap,A visible mass of condensed water vapor floating in the atmosphere.,,,Noun,A Gaddang Vocabulary by: Yukihiro Yamada
142,dumatang,to arrive,dumating,To reach a destination or place.,,,Other,A Gaddang Vocabulary by: Yukihiro Yamada
143,fulig,dust in the eye,puwing,"A small particle that enters the eye, causing irritation or discomfort.",,,Noun,Austronesian Basic Vocabulary Database.
144,furaw,white,puti,The color of snow or milk; reflecting all light and lacking other colors.,,,Adjective,A Gaddang Vocabulary by: Yukihiro Yamada
145,fustu,correct,tama,Free from error; accurate or true.,,,Noun,A Gaddang Vocabulary by: Yukihiro Yamada
146,futag,navel,pusod,A scar where the umbilical cord was attached.,,,Adverb,Austronesian Basic Vocabulary Database.
147,futu,heart,puso,The locus of feelings and intuitions.,,,Noun,Austronesian Basic Vocabulary Database.
148,futun,lower abdomen,puson,"The lower part of the belly area, located below the navel.",,,Adjective,Austronesian Basic Vocabulary Database.
149,fuwab,afternoon,hapon,The part of the day between noon and evening.,,,Noun,A Gaddang Vocabulary by: Yukihiro Yamada
150,gaddang,skin,balat,A natural protective body covering and site of the sense of touch.,,,Noun,A Gaddang Vocabulary by: Yukihiro Yamada
151,gafi,night,gabi,The time after sunset and before sunrise while it is dark outside.,,,Noun,A Gaddang Vocabulary by: Yukihiro Yamada
152,gafutan,to catch,hulihin,To seize or capture something that is moving or thrown.,ammen a gaffutan ino tukak,Don't catch the frog.,Other,A Gaddang Vocabulary by: Yukihiro Yamada
153,gamut,root,ugat,The usually underground organ that lacks buds or leaves or nodes; absorbs water and mineral salts; usually it anchors the plant to the ground.,,,Noun,A Gaddang Vocabulary by: Yukihiro Yamada
154,ganding,goat,kambing,Any of numerous agile ruminants related to sheep but having a beard and straight horns.,,,Noun,A Gaddang Vocabulary by: Yukihiro Yamada
155,ganggal,saw,lagari,A tool with a serrated blade used for cutting wood or other materials.,,,Noun,Verbix. (n.d.). Gaddang language resources.
156,gannud,thing,bagay,"An object, item, or entity that can be seen, touched, or thought of.",,,Noun,A Gaddang Vocabulary by: Yukihiro Yamada
157,gappangngan,cut,hiwa,To divide or open something using a sharp tool.,,,Noun,A Gaddang Vocabulary by: Yukihiro Yamada
158,garasib,scissors,gunting,an edge tool having two crossed pivoting blades,,,Noun,A Gaddang Vocabulary by: Yukihiro Yamada
159,gattak,milk,gatas,A white nutritious liquid secreted by mammals and used as food by human beings.,,,Noun,A Gaddang Vocabulary by: Yukihiro Yamada
160,gatut,debt,utang,The state of owing something (especially money).,,,Noun,A Gaddang Vocabulary by: Yukihiro Yamada
161,gayang,crow,uwak,A large black bird known for its loud cawing and intelligence.,,,Noun,A Gaddang Vocabulary by: Yukihiro Yamada
162,gibat,midnight,hatinggabi,12 o'clock at night; the middle of the night.,,,Noun,A Gaddang Vocabulary by: Yukihiro Yamada
163,girafuk,dust,alikabok,Fine powdery material such as dry earth or pollen that can be blown about in the air,,,Noun,Verbix. (n.d.). Gaddang language resources.
164,gisit,black,itim,The quality or state of the achromatic color of least lightness (bearing the least resemblance to white),,,Adjective,A Gaddang Vocabulary by: Yukihiro Yamada
165,god,areca leaf,ikmo,"The leaf of the areca palm, sometimes used for wrapping or traditional practices.",,,Noun,A Gaddang Vocabulary by: Yukihiro Yamada
166,gonggonan,to pull,hila,To apply force to move something toward oneself.,gonggonan nu yo karitom,Pull the cart,Other,A Gaddang Vocabulary by: Yukihiro Yamada
167,gumambwat,to get up,bumangon,To rise from lying down or sitting.,naggayma kun so ala sayis udde ammek ginumambwat,I woke at six but I did not get up,Other,A Gaddang Vocabulary by: Yukihiro Yamada
168,gumammya,to wake up,magising,To stop sleeping and become conscious.,,,Other,A Gaddang Vocabulary by: Yukihiro Yamada
169,ibbafa,low,mababa,Situated or extending a short distance above the ground; not high.,,,Adjective,A Gaddang Vocabulary by: Yukihiro Yamada
170,ibollyad,to spread out,ikalat,To stretch or unfold something over a larger area.,ibollyad nu ino afak,Spread the sleeping mat,Other,A Gaddang Vocabulary by: Yukihiro Yamada
171,ibu,urine,ihi,Liquid excretory product.,,,Noun,Austronesian Basic Vocabulary Database.
172,idikkat,stick,tungkod,"A stick or rod used for support, walking, or as a tool.",idikkat nu ino paper so dinding,Stick the paper on the wall,Noun,A Gaddang Vocabulary by: Yukihiro Yamada
173,ifag,saliva,laway,A clear liquid secreted into the mouth by the salivary glands and mucous glands of the mouth; moistens the mouth and starts the digestion of starches.,,,Other,Austronesian Basic Vocabulary Database.
174,ifut,tail,buntot,The posterior part of the body of a vertebrate especially when elongated and extending beyond the trunk or main part of the body.,,,Noun,A Gaddang Vocabulary by: Yukihiro Yamada
175,igalut,tie,tali,"To fasten or secure something with a string, rope, or similar material.",igalut nu ino uwaw sio ari,Tie the money to the post,Noun,A Gaddang Vocabulary by: Yukihiro Yamada
176,iggaman,to hold,hawakan,"To grasp, carry, or support something with the hands or arms.",iggaman nu yo guyung ngo si papya; tantaro nu madannag,Hold the plate well; it mighr drop,Other,A Gaddang Vocabulary by: Yukihiro Yamada
177,iitunu,to roast,mag-ihaw,"To cook food evenly with dry heat, usually in an oven or over fire.",iutunum ino napinda,"Broil the fish, dried fish",Other,A Gaddang Vocabulary by: Yukihiro Yamada
178,ikag,cough,ubo,A sudden noisy expulsion of air from the lungs that clears the air passages; a common symptom of upper respiratory infection or bronchitis or pneumonia or tuberculosis,,,Noun,Austronesian Basic Vocabulary Database.
179,ikibu,mix,halo,To combine two or more substances or elements together.,ikibum yo gattak sino kafe,Mix the milk in the coffee,Noun,A Gaddang Vocabulary by: Yukihiro Yamada
180,ikussad,to kick,sipa,To strike something with the foot.,ikussad nu yo dalig,Kick the laundry tub,Other,A Gaddang Vocabulary by: Yukihiro Yamada
181,ilak,mosquito,lamok,Two-winged insect whose female has a long proboscis to pierce the skin and suck the blood of humans and animals.,,,Noun,A Gaddang Vocabulary by: Yukihiro Yamada
182,ilug,egg ,itlog,"An oval reproductive body laid by birds and some animals, often eaten as food.",,,Noun,A Gaddang Vocabulary by: Yukihiro Yamada
183,ina ,mother,nanay,A woman who has given birth to a child (also used as a term of address to your mother).,,,Noun,A Gaddang Vocabulary by: Yukihiro Yamada
184,inaamag,"mould,  mildew",amag,"A type of fungus that grows on damp or decaying surfaces, often causing discoloration or spoilage.",,,Noun,Construal of selected Gaddang lexicon and their cultural implications. Research & Reviews: Journal of Linguistics
185,indangnga bebay,shore,tabing-dagat,The land along the edge of a body of water.,,,Noun,A Gaddang Vocabulary by: Yukihiro Yamada
186,inte,one,isa,The smallest whole number or a numeral representing this number.,,,Other,A Gaddang Vocabulary by: Yukihiro Yamada
187,ipag,sister-in-law,hipag,"The sister of one’s spouse, or the wife of one’s sibling.",,,Noun,A Gaddang Vocabulary by: Yukihiro Yamada
188,iraw,snake,ahas,Limbless scaly elongate reptile; some are venomous.,,,Noun,A Gaddang Vocabulary by: Yukihiro Yamada
189,irela,line,linya,"A long, narrow mark or band; a continuous point-to-point path.",,,Noun,A Gaddang Vocabulary by: Yukihiro Yamada
190,isla,island,pulo,A land mass (smaller than a continent) that is surrounded by water.,,,Noun,A Gaddang Vocabulary by: Yukihiro Yamada
191,itan,to see,tingnan,To perceive something with the eyes.,naitak baggina so assimban / itan no yaw / naitak ino sine,I saw him in the church / Look at this / I saw movies,Other,A Gaddang Vocabulary by: Yukihiro Yamada
192,itanam,to bury the dead,ilibing,"To place a deceased person’s body in the ground, usually as part of a funeral or burial rite.",itanam tam yo natay,Let's bury the dead,Other,A Gaddang Vocabulary by: Yukihiro Yamada
193,itappol,to throw away,itapon,To discard or get rid of something.,itappolllu yo madakkul,Throw aay the rubbish,Other,A Gaddang Vocabulary by: Yukihiro Yamada
194,itawu,to seek,maghanap,To look for or try to find something.,itawum yo aritut nu,Hide your earrings,Other,A Gaddang Vocabulary by: Yukihiro Yamada
195,itukkal,to point,turo,"To direct attention or indicate a place, direction, or object with a finger or hand.",,,Other,A Gaddang Vocabulary by: Yukihiro Yamada
196,ituyud,to push,tulak,To apply force to move something away or forward.,papalugun nu a ituyud yo bagka,Push the boat first.,Other,A Gaddang Vocabulary by: Yukihiro Yamada
197,iyallung,to wear,isuot,To have clothing or accessories on the body.,"iyallung ngu yo barasim, (bakyam)","Wear your dress, (sandals)",Other,A Gaddang Vocabulary by: Yukihiro Yamada
198,"iyang, alapan","to carry, bring",magdala,To take or transport something or someone from one place to another.,anye no nangiyang sito alladduk?,Who brought my key?,Noun,A Gaddang Vocabulary by: Yukihiro Yamada
199,iyekkwa,to put,maglagay,To place something in a particular position or location.,iyekkwam ino tudda so lamesa,Put the cooked rice on the table,Other,A Gaddang Vocabulary by: Yukihiro Yamada
200,iyung,nose,ilong,The organ of smell.,,,Adjective,Austronesian Basic Vocabulary Database.
201,iyusa,to use,gamitin,To employ or put something into service for a purpose.,ammek neusa yo palattug ku,I didn't use my gun,Other,A Gaddang Vocabulary by: Yukihiro Yamada
202,kaanakan,"nephew, niece",pamangkin,A child of one’s brother or sister.,,,Adverb,A Gaddang Vocabulary by: Yukihiro Yamada
203,kaddat,grass,damo,Narrow-leaved green herbage: grown as lawns; used as pasture for grazing animals; cut and dried as hay.,,,Noun,A Gaddang Vocabulary by: Yukihiro Yamada
204,"kaldu, danumma",soup,sabaw,Liquid food especially of meat or fish or vegetable stock often containing pieces of solid food.,,,Noun,A Gaddang Vocabulary by: Yukihiro Yamada
205,kalifutu (small),bat (small),paniki (maliit),A small flying mammal with leathery wings that uses sound to navigate at night.,,,Noun,A Gaddang Vocabulary by: Yukihiro Yamada
206,kallabban,cover,takip,A covering that serves to conceal or shelter something.,kallabban nu ino kalderu,Cover the pot,Noun,A Gaddang Vocabulary by: Yukihiro Yamada
207,kallat,vein,ugat,A blood vessel that carries blood toward the heart.,,,Noun,A Gaddang Vocabulary by: Yukihiro Yamada
208,kamat,hand,kamay,The (prehensile) extremity of the superior limb.,,,Noun,Austronesian Basic Vocabulary Database.
209,kapitta,cousin,pinsan,The child of your aunt or uncle.,,,Noun,A Gaddang Vocabulary by: Yukihiro Yamada
210,karaddwa,twelve,labindalawa,The cardinal number that is the sum of eleven and one.,,,Noun,A Gaddang Vocabulary by: Yukihiro Yamada
211,karattadday,eleven,labing-isa,The cardinal number that is the sum of ten and one.,,,Adverb,A Gaddang Vocabulary by: Yukihiro Yamada
212,kassifan,to bite,kumagat,"To cut, grip, or tear something using the teeth.",sinto taw yo atu a nakkassib sikwana?,Which dog bit him?,Other,A Gaddang Vocabulary by: Yukihiro Yamada
213,kattun,to break,basagin,"To separate into pieces, damage, or destroy something.",kattun nu ino alasag,Break the hedge,Other,A Gaddang Vocabulary by: Yukihiro Yamada
214,kattun,break,bali,"To separate into pieces, damage, or destroy something.",kattun nu ino panga,Break the branch,Noun,A Gaddang Vocabulary by: Yukihiro Yamada
215,kayung,brother-in-law,bayaw,"The brother of one’s spouse, or the husband of one’s sibling.",,,Noun,A Gaddang Vocabulary by: Yukihiro Yamada
216,kayung,"tree, wood",puno,"A tall plant with a trunk and branches, and the hard material from its trunk used for building or fuel.",,,Noun,A Gaddang Vocabulary by: Yukihiro Yamada
217,kilakilat,lightning,kidlat,Abrupt electric discharge from cloud to cloud or from cloud to earth accompanied by the emission of light.,,,Verb,A Gaddang Vocabulary by: Yukihiro Yamada
218,kimat,eyebrow,kilay,The arch of hair above each eye.,,,Noun,Austronesian Basic Vocabulary Database.
219,kiray,forehead,noo,Part of the face above the eyes.,,,Noun,Austronesian Basic Vocabulary Database.
220,kokkofan,dig,hukay,"To break up, turn over, or remove earth or soil.",kokkofan diaw ino lubag,You dig the ground,Noun,A Gaddang Vocabulary by: Yukihiro Yamada
221,koruwan,other,iba,Not the same one or ones already mentioned or implied.,,,Adjective,A Gaddang Vocabulary by: Yukihiro Yamada
222,koruwan a tolay,other person,ibang tao,Someone who is different from oneself or from the people already mentioned.,,,Adjective,A Gaddang Vocabulary by: Yukihiro Yamada
223,kuku,nail,kuko,Horny plate covering and protecting part of the dorsal surface of the digits/,,,Noun,Austronesian Basic Vocabulary Database.
224,kulikug,fever,lagnat,A rise in the temperature of the body; frequently a symptom of infection.,,,Noun,A Gaddang Vocabulary by: Yukihiro Yamada
225,kurakkutan,scratch,kamot,"To rub or scrape the skin with nails or a sharp object, often to relieve itching.",kurakkutan nu yo likud ku / kurakkutan nu yo likuggu,You just scratch my back,Noun,A Gaddang Vocabulary by: Yukihiro Yamada
226,kurita,squid,pusit,"A sea animal with a soft body, eight arms, and two longer tentacles.",,,Noun,A Gaddang Vocabulary by: Yukihiro Yamada
227,kusa,cat,pusa,Feline mammal usually having thick soft fur and no ability to roar: domestic cats; wildcats.,,,Noun,A Gaddang Vocabulary by: Yukihiro Yamada
228,kutu,louse,kuto,Wingless usually flattened bloodsucking insect parasitic on warm-blooded animals.,,,Noun,A Gaddang Vocabulary by: Yukihiro Yamada
229,kuyung,belly,tiyan,The region of the body of a vertebrate between the thorax and the pelvis.,,,Adverb,Austronesian Basic Vocabulary Database.
230,laddaw,shrimp,hipon,"A small shellfish with a long body and many legs, living in salt or fresh water.",,,Noun,A Gaddang Vocabulary by: Yukihiro Yamada
231,lalaki,man,lalaki,An adult person who is male (as opposed to a woman).,,,Noun,A Gaddang Vocabulary by: Yukihiro Yamada
232,lallang,ashes,abo,the residue that remains when something is burned,,,Noun,Construal of selected Gaddang lexicon and their cultural implications. Research & Reviews: Journal of Linguistics
233,lammuk,dark,dilim,Absence of light or illumination.,,,Noun,A Gaddang Vocabulary by: Yukihiro Yamada
234,langaw,flies,langaw,"Small flying insects with two wings, often found around food, waste, or animals.",,,Noun,A Gaddang Vocabulary by: Yukihiro Yamada
235,langit,"sy, heaven",langit,"A place or state of perfect happiness, often regarded as the dwelling of God or the afterlife for the righteous.",,,Noun,A Gaddang Vocabulary by: Yukihiro Yamada
236,lappaw,flower,bulaklak,A plant cultivated for its blooms or blossoms.,,,Noun,A Gaddang Vocabulary by: Yukihiro Yamada
237,laya ,ginger,luya,Perennial plants having thick branching aromatic rhizomes and leafy reedlike stems.,,,Noun,A Gaddang Vocabulary by: Yukihiro Yamada
238,layag,ear,tainga,The sense of organ for hearing and equilibrium.,,,Noun,Austronesian Basic Vocabulary Database.
239,leled,wind,hangin,Air moving (sometimes with considerable force) from an area of high pressure to an area of low pressure.,,,Noun,A Gaddang Vocabulary by: Yukihiro Yamada
240,libaga,red,pula,Red color or pigment; the chromatic color resembling the hue of blood.,,,Adjective,A Gaddang Vocabulary by: Yukihiro Yamada
241,likud,back of person,likod,"The rear surface of the human body, extending from the shoulders to the waist.",,,Noun,Austronesian Basic Vocabulary Database.
242,likud,back,likod,The posterior part of a human (or animal) body from the neck to the end of the spine.,,,Adverb,A Gaddang Vocabulary by: Yukihiro Yamada
243,lima,five,lima,The cardinal number that is the sum of four and one.,,,Other,A Gaddang Vocabulary by: Yukihiro Yamada
244,limafulu,fifty,limampu,The cardinal number that is the product of ten and five.,,,Noun,A Gaddang Vocabulary by: Yukihiro Yamada
245,lingat,sweat,pawis,Salty fluid secreted by sweat glands.,,,Noun,A Gaddang Vocabulary by: Yukihiro Yamada
246,lita,egg of louse,lisa,"A small oval egg, also called a nit, laid by a louse on hair or feathers.",,,Noun,A Gaddang Vocabulary by: Yukihiro Yamada
247,lubag,earthen jar,banga,A traditional earthen jar used in the Philippines for storing water or cooking.,,,Noun,A Gaddang Vocabulary by: Yukihiro Yamada
248,lufid,rope,lubid,"A strong, thick cord made by twisting or braiding fibers together, used for tying, pulling, lifting, or fastening things.",,,Noun,A Gaddang Vocabulary by: Yukihiro Yamada
249,lulu,"bubble, foam",bula,"A mass of small, light-filled pockets of air or gas in a liquid or on a surface.",,,Adjective,A Gaddang Vocabulary by: Yukihiro Yamada
250,lumantaw,float up,lumutang,To rise or stay on the surface of a liquid or air.,lumantaw yo busiladira gumafu so  mepatay,Fished floated up because of the poison,Noun,A Gaddang Vocabulary by: Yukihiro Yamada
251,lumut,moss,lumot,Tiny leafy-stemmed flowerless plants.,,,Noun,A Gaddang Vocabulary by: Yukihiro Yamada
252,"luwa, lwa",tears,luha,The process of shedding tears (usually accompanied by sobs or other inarticulate sounds).,,,Noun,Austronesian Basic Vocabulary Database.
253,maaffut,to be defeated,matalo,"To lose in a fight, competition, or struggle.","nagaffutak, naafut ka","I won, Yo uare the one who was defeated",Other,A Gaddang Vocabulary by: Yukihiro Yamada
254,maantak,tasteless,walang lasa,lacking flavor,,,Noun,A Gaddang Vocabulary by: Yukihiro Yamada
255,maantam,sour,maasim,"A sharp, acidic taste often associated with citrus or fermented foods.",,,Noun,A Gaddang Vocabulary by: Yukihiro Yamada
256,maanud,drift with stream,inanod,To be carried slowly along by the movement of water or air.,nappaidag ino kayuwera naanud,Woods were difted to the side,Noun,A Gaddang Vocabulary by: Yukihiro Yamada
257,maasin,salty,maalat,engagingly stimulating or provocative,,,Noun,A Gaddang Vocabulary by: Yukihiro Yamada
258,maata,unripe,hilaw,Not fully developed or mature; not ripe,maata kepay ino mangga,"The mango is still unripe, raw.",Noun,A Gaddang Vocabulary by: Yukihiro Yamada
259,mabangug,good smelling,mabango,Having a pleasant or agreeable odor.,,,Adjective,Source
260,mabansit,bad smelling,mabaho,Having an unpleasant or foul odor.,,,Adjective,A Gaddang Vocabulary by: Yukihiro Yamada
261,mabayag,slow,mabagal,Lose velocity; move more slowly.,kuruwa mabayag yo allakad na daffug,,Other,A Gaddang Vocabulary by: Yukihiro Yamada
262,mabayag,long time,matagal,A considerable or extended period of time.,,,Adjective,A Gaddang Vocabulary by: Yukihiro Yamada
263,mabbarad,to throw,maghagis,To propel something through the air using force from the hand or arm.,ibarad no yo batu so aroyu a lugar,Throw the stone to the far place,Noun,A Gaddang Vocabulary by: Yukihiro Yamada
264,mabbayu,to pound,magbayo,"To strike repeatedly with force, often to crush or break something.",mabbayu ka si bakaw / bayun nu ino pay,You pound corn / Pound the rice,Other,A Gaddang Vocabulary by: Yukihiro Yamada
265,mabbibbid,to read,magbasa,To look at and understand the meaning of written or printed words.,,,Other,A Gaddang Vocabulary by: Yukihiro Yamada
266,mabbilag,count,bilang,To determine the total number of items in a set.,bilangan nu ino batuwera,Count the stones,Noun,A Gaddang Vocabulary by: Yukihiro Yamada
267,mabid,to speak,magsalita,"To express thoughts, feelings, or information using words.",,,Other,A Gaddang Vocabulary by: Yukihiro Yamada
268,mabisin,hungry,gutom,feeling hunger; feeling a need or desire to eat food,,,Noun,A Gaddang Vocabulary by: Yukihiro Yamada
269,mabuk,to get drunk,maglasing,To become intoxicated after drinking too much alcohol.,,,Other,A Gaddang Vocabulary by: Yukihiro Yamada
270,madakkut,dirty,marumi,Covered with or containing unclean substances; not clean.,,,Noun,A Gaddang Vocabulary by: Yukihiro Yamada
271,madammat,heavy,mabigat,Having great weight; difficult to lift or move.,,,Adjective,A Gaddang Vocabulary by: Yukihiro Yamada
272,madannag,fall,hulog,To move downward freely by the force of gravity.,nadannag ino asitu so dattan,The puppy fell on the floor,Noun,A Gaddang Vocabulary by: Yukihiro Yamada
273,maddet,to sew,manahi,To join pieces of fabric or material together with a needle and thread.,detan nu yo napi a barasim,,Other,A Gaddang Vocabulary by: Yukihiro Yamada
274,madungit,brave,matapang,Showing courage and facing danger or difficulty without fear.,,,Noun,A Gaddang Vocabulary by: Yukihiro Yamada
275,mafdiyat,"hard, difficult",mahirap,"Requiring great effort, skill, or endurance to do or understand.",,,Adverb,A Gaddang Vocabulary by: Yukihiro Yamada
276,maffunat,to wipe,punasan,"To clean or dry a surface by rubbing it with a cloth, hand, or other material.",,,Other,Verbix. (n.d.). Gaddang language resources.
277,maffut,to question,magtanong,To ask someone about something to gain information or clarify.,,,Other,A Gaddang Vocabulary by: Yukihiro Yamada
278,maggatang,to buy,bumili,To obtain something by paying money for it.,maggatang ka si tinapay,Buy some bread.,Other,A Gaddang Vocabulary by: Yukihiro Yamada
279,maggiling,to grind,gilingin,To reduce something into small particles or powder by crushing or rubbing.,,,Other,A Gaddang Vocabulary by: Yukihiro Yamada
280,maggirawa,to shout,sumigaw,"To speak or call out loudly, often with strong emotion.","anniye no naggirawa ""afuy""?","Who shouted ""Fire""?",Other,A Gaddang Vocabulary by: Yukihiro Yamada
281,maguyu,smart,matalino,Having or showing quick intelligence and good judgment.,,,Noun,A Gaddang Vocabulary by: Yukihiro Yamada
282,maimpit,thin,manipis,Having little distance between opposite sides; not thick.,,,Noun,A Gaddang Vocabulary by: Yukihiro Yamada
283,makafa,wide,malawak,Having great (or a certain) extent from one side to the other,"makafa a ulat, sinnun, papel","wide blanket, cloth, paper",Adjective,A Gaddang Vocabulary by: Yukihiro Yamada
284,makafuy,weak,mahina,"Lacking physical strength, power, or energy",,,Adjective,A Gaddang Vocabulary by: Yukihiro Yamada
285,makannag,thick,makapal,Having a large distance between opposite sides; not thin.,,,Noun,A Gaddang Vocabulary by: Yukihiro Yamada
286,makassag,noisy,maingay,Making a lot of loud or disruptive sounds.,,,Noun,A Gaddang Vocabulary by: Yukihiro Yamada
287,makasta,good,mabuti,Having desirable qualities; morally right or beneficial.,,,Adjective,A Gaddang Vocabulary by: Yukihiro Yamada
288,makasta,beautiful,maganda,Delighting the senses or exciting intellectual or emotional admiration.,,,Noun,A Gaddang Vocabulary by: Yukihiro Yamada
289,makatal,itchy,makati,Having an uncomfortable feeling on the skin that causes a desire to scratch.,makatal kanu ino anggetul na / makatal kanu ino anggetulla,He says his anus is itchy,Noun,A Gaddang Vocabulary by: Yukihiro Yamada
290,makayang,lazy,tamad,Unwilling to work or use effort; avoiding activity or exertion.,,,Noun,A Gaddang Vocabulary by: Yukihiro Yamada
291,makibulun,to go with,sumama,To accompany or move together with someone or something.,"nu mebulung ka sikuwa mi, mattali ka","If you are going with us, change the dress",Other,A Gaddang Vocabulary by: Yukihiro Yamada
292,makkalliyaw,forget,kalimutan,Dismiss from the mind; stop remembering.,kniliyawan ku a bisitan,I forgot to visit him,Noun,A Gaddang Vocabulary by: Yukihiro Yamada
293,makkalutu,to cook,magluto,To prepare food by heating it.,lutun nu yo isira,Cook the side_dish,Other,A Gaddang Vocabulary by: Yukihiro Yamada
294,makkanta,to sing,kumanta,To produce musical sounds with the voice.,,,Other,A Gaddang Vocabulary by: Yukihiro Yamada
295,makkarayap,to crawl,gumapang,To move slowly on hands and knees or close to the ground.,makkarakarayap ino karalag so uttun na lubag,,Other,A Gaddang Vocabulary by: Yukihiro Yamada
296,makkarela,to run,tumakbo,To move swiftly on foot faster than walking.,,,Noun,A Gaddang Vocabulary by: Yukihiro Yamada
297,makkatawa,to laugh,tumawa,To express joy or amusement with sounds and facial movements.,"ammem makkatawa, ammem ikatakatawa",Don't laugh / Don't laugh at him,Other,A Gaddang Vocabulary by: Yukihiro Yamada
298,makkayab,fly,lumipad,To move through the air using wings.,,,Noun,A Gaddang Vocabulary by: Yukihiro Yamada
299,makkayam,to play,maglaro,"To engage in an activity for enjoyment, recreation, or amusement.",,,Other,A Gaddang Vocabulary by: Yukihiro Yamada
300,makurang,lacking,kulang,Not having enough of something; missing or insufficient.,makurang yo sinsillyum,Your change is lacking,Verb,A Gaddang Vocabulary by: Yukihiro Yamada
301,malabbat,cold,malamig,Having a low temperature; lacking warmth.,,,Noun,A Gaddang Vocabulary by: Yukihiro Yamada
302,malaggat,surprised,nagulat,Feeling sudden amazement or shock caused by something unexpected.,nalaggatak so battak,I got surprised of burst,Adjective,A Gaddang Vocabulary by: Yukihiro Yamada
303,malamak,cheap,mura,Relatively low in price or charging low prices.,,,Noun,A Gaddang Vocabulary by: Yukihiro Yamada
304,malampaw,light,magaan,Having little weight; easy to lift or move.,,,Noun,A Gaddang Vocabulary by: Yukihiro Yamada
305,malan,fast,mabilis,Moving or capable of moving at high speed.,malan you akkarela na,He runs fast,Verb,A Gaddang Vocabulary by: Yukihiro Yamada
306,malan,early,maaga,At or near the beginning of a period of time or course of events or before the usual or expected time.,,,Adverb,A Gaddang Vocabulary by: Yukihiro Yamada
307,malappat,diligent,masipag,Quietly and steadily persevering especially in detail or exactness.,,,Noun,A Gaddang Vocabulary by: Yukihiro Yamada
308,malimat,drowned,nalunod,Having died or been in danger of death by being submerged in water.,nalimat ino misesira,The fisherman was drowned,Verb,A Gaddang Vocabulary by: Yukihiro Yamada
309,malinis,clean,malinis,"Free from dirt, stains, or impurities; tidy and pure.",,,Noun,A Gaddang Vocabulary by: Yukihiro Yamada
310,malla,to weave,maghabi,To make fabric or material by interlacing threads or fibers.,,,Other,A Gaddang Vocabulary by: Yukihiro Yamada
311,mallakad,to walk,maglakad,To move along on foot at a normal pace.,,,Other,A Gaddang Vocabulary by: Yukihiro Yamada
312,mallaku,to sell,magbenta,To give something to someone in exchange for money.,mallaku ira si natang so merkado,They are selling vegetables in the market,Other,A Gaddang Vocabulary by: Yukihiro Yamada
313,mallawan,to go out,lumabas,"To leave a place, especially one’s home, for a short period or for a social activity.",,,Other,A Gaddang Vocabulary by: Yukihiro Yamada
314,malliku,to turn,lumingon,To change direction or orientation.,"malliku ka to diwanan, mappadiwang ka",turn to the right,Other,A Gaddang Vocabulary by: Yukihiro Yamada
315,malow,painful,masakit,Causing physical or psychological pain.,,,Noun,A Gaddang Vocabulary by: Yukihiro Yamada
316,malumag,soft,malambot,Yielding readily to pressure or weight.,,,Adjective,A Gaddang Vocabulary by: Yukihiro Yamada
317,malunggon,easy,madali,Posing no difficulty; requiring little effort.,,,Adjective,A Gaddang Vocabulary by: Yukihiro Yamada
318,mamatta,hatch egg,pisa,To emerge or break out from an egg after being incubated.,,,Noun,A Gaddang Vocabulary by: Yukihiro Yamada
319,mammay,dislike,ayaw,An inclination to withhold approval from some person or group.,ammera kanggam yo makkalakammu,They don't like to study,Noun,A Gaddang Vocabulary by: Yukihiro Yamada
320,mammit,sweet,matamis,A taste sensation characterized by sugar-like pleasantness.,,,Noun,A Gaddang Vocabulary by: Yukihiro Yamada
321,mammula,plant,magtanim,To put seeds or plants in the soil so they can grow.,mammulaka si pay,You plant rice,Noun,A Gaddang Vocabulary by: Yukihiro Yamada
322,manakam,old,matanda,Having lived for a long time; not young.,,,Adjective,A Gaddang Vocabulary by: Yukihiro Yamada
323,manalip,to dance traditional dance,magsayaw,"To perform a series of rhythmic movements, often following cultural or customary patterns.",,,Other,A Gaddang Vocabulary by: Yukihiro Yamada
324,mananam / matantam,tasty,malinamnam,pleasing to the sense of taste,,,Noun,A Gaddang Vocabulary by: Yukihiro Yamada
325,manaw,to depart,umalis,"To leave a place, especially to start a journey.",,,Other,A Gaddang Vocabulary by: Yukihiro Yamada
326,mangada,to give,magbigay,To freely hand over or provide something to someone.,iyadam yo bayabat sikwe wayim,Give this guava to your brother,Other,Source
327,mangangagam,love,pag-ibig,A strong positive emotion of regard and affection.,"kanggamman taka, iddukan taka",I love you,Noun,A Gaddang Vocabulary by: Yukihiro Yamada
328,mangappa,to get,kumuha,"To receive, obtain, or acquire something.",ne no nangappa si toye?,Who took this?,Other,A Gaddang Vocabulary by: Yukihiro Yamada
329,mangngan,to eat,kumain,To take in food by chewing and swallowing.,nangngan ira sitaw / akkanannu iyan,They ate here / Eat it,Other,A Gaddang Vocabulary by: Yukihiro Yamada
330,mangukup,brood eggs,limliman,Eggs that are kept warm by a bird until they hatch.,,,Noun,A Gaddang Vocabulary by: Yukihiro Yamada
331,mangural,dull,mapurol,Lacking a sharp edge or point; not able to cut or pierce easily.,,,Noun,A Gaddang Vocabulary by: Yukihiro Yamada
332,maniwang,"thin, lean",payat,Having little or no fat on the body; slim in form.,,,Noun,A Gaddang Vocabulary by: Yukihiro Yamada
333,mannonot,think,isip,"To use the mind to form ideas, make decisions, or consider something.",nonotan no yaw,Think of this,Noun,A Gaddang Vocabulary by: Yukihiro Yamada
334,manuffun,to help,tumulong,To give assistance or support to someone.,duffunan tam baginaa,Let's help him,Other,A Gaddang Vocabulary by: Yukihiro Yamada
335,manuk,chicken,manok,A domestic bird raised for its meat and eggs.,,,Noun,A Gaddang Vocabulary by: Yukihiro Yamada
336,manuwang,daughter-in-law/son-in-law,manugang,The spouse of one’s child.,,,Noun,A Gaddang Vocabulary by: Yukihiro Yamada
337,mapatu,"hot, pungent",maanghang,"A strong, spicy taste or sensation that produces heat in the mouth.",,,Adjective,A Gaddang Vocabulary by: Yukihiro Yamada
338,mapatu,"hot, pungent",maanghang,"Having a strong, sharp, or intense taste or sensation, often causing heat or irritation.",,,Adjective,A Gaddang Vocabulary by: Yukihiro Yamada
339,mapet,bitter,mapait,dry sharp-tasting ale with strong flavor of hops (usually on draft),,,Noun,A Gaddang Vocabulary by: Yukihiro Yamada
340,mappatu na ulu,angry,galit,Feeling strong displeasure or hostility.,mapatu yo uluk sikwan se nassisirika,"I'm angry with you, for you told a lie",Adjective,A Gaddang Vocabulary by: Yukihiro Yamada
341,mappili,choose,pumili,"Pick out, select, or choose from a number of alternatives.",pilin nu ino baso so baggat,Choose the stone in rice,Noun,A Gaddang Vocabulary by: Yukihiro Yamada
342,maraggal,bad,masama,That which is below standard or expectations as of ethics or decency.,,,Adjeective,A Gaddang Vocabulary by: Yukihiro Yamada
343,maraggal,ugly,pangit,Displeasing to the senses.,,,Adverb,A Gaddang Vocabulary by: Yukihiro Yamada
344,marang,to ask for something,manghingi,To request or seek something from someone.,marang ka si lana sikwana,Ask him for some oil,Other,A Gaddang Vocabulary by: Yukihiro Yamada
345,masimpat,kind,mabait,"Having a gentle, caring, and helpful nature toward others.",,,Noun,A Gaddang Vocabulary by: Yukihiro Yamada
346,masiri,liar,sinungaling,"To respond to a question, request, or statement.",,,Noun,A Gaddang Vocabulary by: Yukihiro Yamada
347,masserni,to strain,salain,To separate liquid from solid parts using a filter or sieve.,sernin nu ino danumma,Strain the juice,Other,A Gaddang Vocabulary by: Yukihiro Yamada
348,masupit,narrow,makipot,Having a small width; not wide.,masupit a kuwartu,narrow room,Noun,A Gaddang Vocabulary by: Yukihiro Yamada
349,masuppat,acrid,makahat,strong and sharp,massupat kepay inu bat,This babata is still acrid,Noun,A Gaddang Vocabulary by: Yukihiro Yamada
350,mata,eye,mata,The organ of sight.,,,Noun,Austronesian Basic Vocabulary Database.
351,mataatal,ashamed,hiya,Feeling shame or guilt or embarrassment or remorse.,mem mataatal. kkanetam lamang,Dno't be ashemed. there are non of other persons,Verb,A Gaddang Vocabulary by: Yukihiro Yamada
352,mataggat,"hard, difficult",mahirap,"Requiring great effort, skill, or endurance; not easy to do or understand.",,,Adverb,A Gaddang Vocabulary by: Yukihiro Yamada
353,matakit,sick,sakit,Affected with illness or disease; not in good health.,,,Noun,A Gaddang Vocabulary by: Yukihiro Yamada
354,mataram,sharp,matalim,Having a fine edge or point that can cut or pierce easily.,,,Adjective,A Gaddang Vocabulary by: Yukihiro Yamada
355,matay,to die,mamatay,To stop living; to cease to exist as a living being.,natay ino mafu sikwak sin tata dakkag,My grandfather died ast month,Other,A Gaddang Vocabulary by: Yukihiro Yamada
356,mattaddag,to stand up,tumayo,To move from sitting or lying to a standing position.,,,Other,A Gaddang Vocabulary by: Yukihiro Yamada
357,mattakaw,to steal,magnakaw,To take someone else’s property without permission or legal right.,anye nakuy ine nattak,I wonder who stole my wallet,Other,A Gaddang Vocabulary by: Yukihiro Yamada
358,mattakay,to ride,sumakay,"To sit on and control the movement of a vehicle, animal, or bicycle.",mattakeka so kabayu,Ride on the horseback,Other,A Gaddang Vocabulary by: Yukihiro Yamada
359,mattakkaw,to borrow,manghiram,To take and use something belonging to someone else with the intention of returning it.,mattakkaw ka sikwana,Borrow from him,Other,A Gaddang Vocabulary by: Yukihiro Yamada
360,mattalaw,fear,takot,An emotion experienced in anticipation of some specific pain or danger (usually accompanied by a desire to flee or fight).,"mattalawak si atu, maraggal a ispiritu","I fear of dogs, evil spirit, etc.",Noun,A Gaddang Vocabulary by: Yukihiro Yamada
361,mattalofu,grow,tumubo,To begin to grow or develop from the ground or from a seed.,matolay yo paku so uttun na batu,Fern is growing on the stone,Noun,A Gaddang Vocabulary by: Yukihiro Yamada
362,mattalug,swim,lumangoy,To move through water by using the body or limbs.,,,Noun,A Gaddang Vocabulary by: Yukihiro Yamada
363,mattangit,to cry,umiyak,To shed tears as an expression of emotion such as sadness or pain.,mattangit ino balu,The widow is crying,Other,A Gaddang Vocabulary by: Yukihiro Yamada
364,mattap,to winnow,magtahip,To separate grain from chaff by blowing air through it.,"itap nu ino baggat, itannu ino baggat",Winnow the rice,Other,A Gaddang Vocabulary by: Yukihiro Yamada
365,matturak,to write,sumulat,"To form letters, words, or symbols on a surface to communicate ideas or information.",,,Other,A Gaddang Vocabulary by: Yukihiro Yamada
366,matturu,to leak,tumagas,"To let liquid or gas escape through a crack, hole, or opening.",matturu io buwod,The jar is leaking,Other,A Gaddang Vocabulary by: Yukihiro Yamada
367,mattuttud,to sit down,umupo,"To rest the body on the buttocks, typically on a surface.",,,Other,Construal of selected Gaddang lexicon and their cultural implications. Research & Reviews: Journal of Linguistics
368,matunung,straight,tuwid,Extending in the same direction without curves or bends.,,,Noun,A Gaddang Vocabulary by: Yukihiro Yamada
369,maturug,to sleep,matulog,To rest in a natural state of reduced consciousness and inactivity.,,,Other,A Gaddang Vocabulary by: Yukihiro Yamada
370,matuyag a leled,strong,malakas,Having strength or power greater than average or expected.,,,Adjective,A Gaddang Vocabulary by: Yukihiro Yamada
371,mauddi,late,gabi na,It is already night; the evening has come.,nauddi kami so klase,We were late for our class,Adverb,A Gaddang Vocabulary by: Yukihiro Yamada
372,mauwaw,thristy,uhaw,The feeling of needing or wanting to drink water.,,,Noun,A Gaddang Vocabulary by: Yukihiro Yamada
373,mayag,to call,tumawag,To speak or shout in order to attract someone’s attention or to communicate with them.,,,Other,A Gaddang Vocabulary by: Yukihiro Yamada
374,midda,to lie down,humiga,To place the body flat on a surface for rest or sleep.,,,Other,A Gaddang Vocabulary by: Yukihiro Yamada
375,mijjob,to blow,hihip,To send out air forcefully through the mouth or nose.,ijjofan no yo girafuk / ijjofan no yo afuy,Blow off the dust / Blow up the fire,Noun,Austronesian Basic Vocabulary Database.
376,milig,to whet,hasa,To sharpen the edge of a tool or weapon by rubbing it on a hard surface.,itiyan nu ino dakkyal,Whet the bolo,Other,Verbix. (n.d.). Gaddang language resources.
377,mindag,to wait,maghintay,To stay in a place or remain inactive until something happens or someone arrives.,nabagin a inindaggan taka,I waited for you for a long time,Other,A Gaddang Vocabulary by: Yukihiro Yamada
378,minum,to drink,uminom,To take in liquid through the mouth.,"ammemi ninum sinay, ammemi ninum sooy",We did not drink there,Other,A Gaddang Vocabulary by: Yukihiro Yamada
379,murillyu,yellow,dilaw,Yellow color or pigment; the chromatic color resembling the hue of sunflowers or ripe lemons.,,,Noun,A Gaddang Vocabulary by: Yukihiro Yamada
380,muskada,chewing ,ngumunguya,The act of grinding food with the teeth to make it easier to swallow.,,,Verb,A Gaddang Vocabulary by: Yukihiro Yamada
381,muta,to vomit,sumuka,To forcefully expel stomach contents through the mouth.,iyutam ino inakkan nu,Vomit what you ate,Other,A Gaddang Vocabulary by: Yukihiro Yamada
382,mutung,face,mukha,The front of the human head from the forehead to the chin and ear to ear.,,,Noun,Austronesian Basic Vocabulary Database.
383,nabambag,rotten,bulok,Decayed or spoiled due to the action of bacteria or fungi.,,,Verb,A Gaddang Vocabulary by: Yukihiro Yamada
384,nabanggit,circumcised,tuli,Cut the skin over the clitoris.,,,Verb,Austronesian Basic Vocabulary Database.
385,nabata,wet,basa,"Covered with, soaked in, or containing liquid.",,,Noun,A Gaddang Vocabulary by: Yukihiro Yamada
386,nabattug,"full, satisfied after eating",busog,The feeling of having eaten enough food and no longer being hungry.,,,Adjective,A Gaddang Vocabulary by: Yukihiro Yamada
387,nalutu,ripe,hinog,fully developed or matured and ready to be eaten or used,,,Noun,A Gaddang Vocabulary by: Yukihiro Yamada
388,namma,dry,tuyo,Free from moisture or liquid; not wet.,,,Noun,A Gaddang Vocabulary by: Yukihiro Yamada
389,nana,pus,nana,"A thick fluid made of dead white blood cells, bacteria, and tissue, usually formed at an infection site.",,,Noun,A Gaddang Vocabulary by: Yukihiro Yamada
390,nanu datdaramat,tomorrow,bukas,The day after today.,,,Noun,A Gaddang Vocabulary by: Yukihiro Yamada
391,napakel,tired,pagod,Feeling the need for rest or sleep due to exertion or lack of energy.,,,Verb,A Gaddang Vocabulary by: Yukihiro Yamada
392,napannu,full,puno,Containing as much as possible; not empty.,,,Adjective,A Gaddang Vocabulary by: Yukihiro Yamada
393,natamfut,used,ginamit,Put into service; make work or employ for a particular purpose or for its inherent or natural purpose.,akkanan nu amin yo akkanan nu,Eat all of what you are eating,Verb,A Gaddang Vocabulary by: Yukihiro Yamada
394,natolay,alive,buhay,Possessing life.,,,Adjective,A Gaddang Vocabulary by: Yukihiro Yamada
395,ngan,name,pangalan,A language unit by which a person or thing is known.,,,Noun,A Gaddang Vocabulary by: Yukihiro Yamada
396,ngipan,tooth,ngipin,Hard bonelike structures in the jaws of vertebrates; used for biting and chewing or for attack and defense.,,,Adjective,Austronesian Basic Vocabulary Database.
397,ngipan a pangngangngal,molar tooth,bagang,"A large, flat tooth at the back of the mouth used for grinding food.",,,Noun,Austronesian Basic Vocabulary Database.
398,ofan,grey hair,uban,Hair that loses its natural pigment and turns silvery or white with age.,,,Noun,A Gaddang Vocabulary by: Yukihiro Yamada
399,on,yes ,oo,"Used to express agreement, affirmation, or consent.",,,Noun,A Gaddang Vocabulary by: Yukihiro Yamada
400,pagi,octopus,pugita,A sea animal with a soft body and eight arms lined with suckers.,,,Noun,A Gaddang Vocabulary by: Yukihiro Yamada
401,palad,palm,palad,The inner surface of the hand from the wrist to the base of the fingers.,,,Noun,Austronesian Basic Vocabulary Database.
402,palung,wave,alon,One of a series of ridges that moves across the surface of a liquid (especially across a large body of water),,,Noun,A Gaddang Vocabulary by: Yukihiro Yamada
403,palutan,bamboo,kawayan,The hard woody stems of bamboo plants; used in construction and crafts and fishing poles.,,,Noun,A Gaddang Vocabulary by: Yukihiro Yamada
404,pana ama butug,arrow and bow,pana at busog,"A weapon system consisting of a bow, a curved piece of wood with a string for shooting, and an arrow, a pointed shaft that is shot from the bow.",,,Noun,A Gaddang Vocabulary by: Yukihiro Yamada
405,panga,branch,sanga,"A part of a tree that grows out from the trunk or a larger limb and bears leaves, flowers, or fruit.",,,Noun,A Gaddang Vocabulary by: Yukihiro Yamada
406,paniki (big),bat (big),paniki (malaki),"A large flying mammal with wings made of skin, active mostly at night.",,,Noun,A Gaddang Vocabulary by: Yukihiro Yamada
407,paringil,cheek,pisngi,Either side of the face below the eyes.,,,Noun,Austronesian Basic Vocabulary Database.
408,patak,nail,pako,"A thin pointed metal fastener used to join materials, or the hard covering at the tip of a finger or toe.",,,Noun,Verbix. (n.d.). Gaddang language resources.
409,"patayan, mamatay",to kill,pumatay,"To cause the death of a person, animal, or other living being.",patayan nu baggina / anye no namapatay sikwana?,"Kill him, Who killed him?",Other,A Gaddang Vocabulary by: Yukihiro Yamada
410,pay,unhusked rice,palay,Rice grains that still have their outer husk covering.,,,Adjective,A Gaddang Vocabulary by: Yukihiro Yamada
411,payak,wing,pakpak,A movable organ for flying (one of a pair).,,,Verb,A Gaddang Vocabulary by: Yukihiro Yamada
412,payan,lobster,ulang,"A large marine shellfish with a hard shell, long body, and big claws, often used as food.",,,Noun,A Gaddang Vocabulary by: Yukihiro Yamada
413,payaw,rice field,palayan,A flooded or irrigated field where rice is grown.,,,Noun,A Gaddang Vocabulary by: Yukihiro Yamada
414,piggat,coconut milk,gata,A creamy liquid made by squeezing grated coconut meat with water.,,,Noun,A Gaddang Vocabulary by: Yukihiro Yamada
415,pippitut,bird,ibon,Warm-blooded egg-laying vertebrates characterized by feathers and forelimbs modified as wings.,,,Noun,A Gaddang Vocabulary by: Yukihiro Yamada
416,pirak,silver,pilak,A soft white precious univalent metallic element having the highest electrical and thermal conductivity of any metal; occurs in argentite and in free form; used in coins and jewelry and tableware and photography.,,,Noun,A Gaddang Vocabulary by: Yukihiro Yamada
417,pissayan,to tear,punitin,To pull or rip something apart forcefully.,"piapissayan ino abbig ino papel, sinnun","The child is tearing paper coth, etc.",Other,A Gaddang Vocabulary by: Yukihiro Yamada
418,pitu,seven,pito,The cardinal number that is the sum of six and one.,,,Other,A Gaddang Vocabulary by: Yukihiro Yamada
419,rifu,thousand,libo,the cardinal number that is the product of 10 and 100,,,Noun,A Gaddang Vocabulary by: Yukihiro Yamada
420,sakkalang,ring,singsing,A characteristic sound.,,,Noun,A Gaddang Vocabulary by: Yukihiro Yamada
421,samed,broom,walis,A cleaning tool for sweeping; bundle of straws or twigs attached to a long handle,,,Noun,Verbix. (n.d.). Gaddang language resources.
422,sangi,mouth,bibig,The opening through which food is taken in and vocalizations emerge.,,,Noun,Austronesian Basic Vocabulary Database.
423,sapitan,to say,sabihin,To express something in words.,sanne no sinapit mu?,What did you say?,Other,A Gaddang Vocabulary by: Yukihiro Yamada
424,sbusang,few,ilan,"A small number of people, things, or instances.",,,Adjective,A Gaddang Vocabulary by: Yukihiro Yamada
425,sibbukal,round,bilog,Shaped like a circle or sphere; having a curved surface.,,,Noun,A Gaddang Vocabulary by: Yukihiro Yamada
426,sigay,cowrie shell,sigay,"A small, glossy, and often brightly patterned sea shell, historically used as money, jewelry, or ornamentation.",,,Noun,A Gaddang Vocabulary by: Yukihiro Yamada
427,sigut,string,tali,"A thin cord made by twisting together fibers, used for tying, hanging, or fastening small objects.",,,Noun,A Gaddang Vocabulary by: Yukihiro Yamada
428,siku,elbow,siko,Hinge joint between the forearm and upper arm and the corresponding joint in the forelimb of a quadruped.,,,Noun,Austronesian Basic Vocabulary Database.
429,sin fuwab,yesterday,kahapon,The day immediately before today.,,,Noun,A Gaddang Vocabulary by: Yukihiro Yamada
430,sinag,sun,araw,The star that is the source of light and heat for the planets in the solar system.,,,Noun,A Gaddang Vocabulary by: Yukihiro Yamada
431,sinay,intestines,bituka,The part of the alimentary canal between the stomach and the anus..,,,Noun,Austronesian Basic Vocabulary Database.
432,sinnun,clothing,kasuotan,A covering designed to be worn on a person's body.,,,Noun,A Gaddang Vocabulary by: Yukihiro Yamada
433,siping,twins,kambal,Two children born to the same mother at the same time.,,,Noun,A Gaddang Vocabulary by: Yukihiro Yamada
434,siri,lie,kasinungalingan,To make a false statement with the intention of deceiving.,,,Noun,A Gaddang Vocabulary by: Yukihiro Yamada
435,sissik,scales,kaliskis,"Small, thin plates that cover the skin of fish and some reptiles for protection.",,,Noun,A Gaddang Vocabulary by: Yukihiro Yamada
436,sitoye in,now,ngayon,The momentary present.,,,Adverb,A Gaddang Vocabulary by: Yukihiro Yamada
437,siyong,shade,lilim,A sheltered or darker area created by blocking direct sunlight.,,,Noun,A Gaddang Vocabulary by: Yukihiro Yamada
438,suntukan,to hit with fist,sumuntok,To strike someone or something using a closed hand.,,,Other,A Gaddang Vocabulary by: Yukihiro Yamada
439,suput,bad made of paper or cloth,supot,"A container made of paper, cloth, or other material, used for carrying or storing things.",,,Adjective,Verbix. (n.d.). Gaddang language resources.
440,sussug,break,bali,To separate into pieces or cause to come apart suddenly or forcefully.,,,Noun,A Gaddang Vocabulary by: Yukihiro Yamada
441,sussupan,to suck,sumipsip,To draw in liquid or air by creating suction with the mouth.,susuupan no ino da,Suck the blood,Other,A Gaddang Vocabulary by: Yukihiro Yamada
442,susu,breasts of woman,suso,The pair of mammary glands on a woman’s chest that produce milk and also serve as a secondary sexual characteristic.,,,Noun,Austronesian Basic Vocabulary Database.
443,ta fulu,ten,sampu,The cardinal number that is the sum of nine and one; the base of the decimal system.,,,Noun,A Gaddang Vocabulary by: Yukihiro Yamada
444,tabbi,areca nut,bunga,"The seed of the areca palm, often chewed with betel leaf.",,,Noun,A Gaddang Vocabulary by: Yukihiro Yamada
445,tabbutan,to redeem,tubusin,"To pay off or fulfill a debt, or to recover something lost.",tabbutan nu ino arilos ku a nesaldak so assaldan,Redeem his watch from the pawnshop,Other,A Gaddang Vocabulary by: Yukihiro Yamada
446,tabuwan,to drive away,itabi,To force someone or something to leave a place.,tabuwan nu ino daffug,Drive away the carabao,Other,A Gaddang Vocabulary by: Yukihiro Yamada
447,"tafa, matafa",fat,taba,"A natural oily substance found in animal bodies and some plants, or a condition of having an excess amount of body flesh.",,,Noun,A Gaddang Vocabulary by: Yukihiro Yamada
448,tafal,taro with big leaves,gabi,A root crop with large heart-shaped leaves commonly used in tropical regions.,,,Noun,A Gaddang Vocabulary by: Yukihiro Yamada
449,taggabban,to burn,sumunog,To be on fire or undergo combustion.,nataggab ino balera sin taat dawum,Their house was burnt last year.,Other,Construal of selected Gaddang lexicon and their cultural implications. Research & Reviews: Journal of Linguistics
450,taggad,space under a house,silong,"The open or hollow area beneath a house, often used for ventilation or storage.",,,Noun,Construal of selected Gaddang lexicon and their cultural implications. Research & Reviews: Journal of Linguistics
451,taggam,ant,langgam,Social insect living in organized colonies; characteristically the males and fertile queen have wings during breeding season; wingless sterile females are the workers.,,,Noun,Source
452,tagud,horn,sungay,"A hard, pointed growth on the head of some animals, often used for defense or display.",,,Noun,A Gaddang Vocabulary by: Yukihiro Yamada
453,tagwan,oar,sagwan,An implement used to propel or steer a boat.,,,Noun,A Gaddang Vocabulary by: Yukihiro Yamada
454,takki,foot,paa,The part of the leg of a human being below the ankle joint.,,,Noun,A Gaddang Vocabulary by: Yukihiro Yamada
455,taletay,bridge,tulay,A structure that allows people or vehicles to cross an obstacle such as a river or canal or railway etc.,,,Noun,A Gaddang Vocabulary by: Yukihiro Yamada
456,tallang,jaw,panga,The part of the skull of a vertebrate that frames the mouth and holds the teeth..,,,Noun,Austronesian Basic Vocabulary Database.
457,tallu,three,tatlo,The cardinal number that is the sum of one and one and one.,,,Other,A Gaddang Vocabulary by: Yukihiro Yamada
458,tallufulu,thirty,tatlumpu,The cardinal number that is the product of ten and three.,,,Noun,A Gaddang Vocabulary by: Yukihiro Yamada
459,talotit,coward,duwag,A person who shows fear or timidity.,,,Noun,A Gaddang Vocabulary by: Yukihiro Yamada
460,tamuru,finger,daliri,Any of the terminal members of the hand (sometimes excepting the thumb).,,,Noun,Austronesian Basic Vocabulary Database.
461,tangnga,middle,gitna,An area that is approximately central within some larger region,,,Noun,A Gaddang Vocabulary by: Yukihiro Yamada
462,tangngad,neck,leeg,The part of an organism (human or animal) that connects the head to the rest of the body.,,,Noun,Austronesian Basic Vocabulary Database.
463,tangngang,chest,dibdib,The part of the human torso between the neck and the diaphragm or the corresponding part in other vertebrates.,,,Noun,Austronesian Basic Vocabulary Database.
464,tantal,nape,batok,The back side of the neck.,,,Noun,Austronesian Basic Vocabulary Database.
465,tantam,taste,lasa,the sensation that results when taste buds in the tongue and throat convey information about the chemical composition of a soluble stimulus,,,Noun,A Gaddang Vocabulary by: Yukihiro Yamada
466,tantaman,to taste,tikman,To perceive the flavor of food or drink with the tongue.,ne no nanatam si toye?,Who tasted this?,Other,A Gaddang Vocabulary by: Yukihiro Yamada
467,tapiyay,poison,lason,Any substance that causes injury or illness or death of a living organism.,,,Noun,A Gaddang Vocabulary by: Yukihiro Yamada
468,tappang,riverbank,tabing-ilog,The land alongside or sloping down to a river.,,,Noun,A Gaddang Vocabulary by: Yukihiro Yamada
469,tatenap,dream,panaginip,a series of mental images and emotions occurring during sleep,,,Noun,A Gaddang Vocabulary by: Yukihiro Yamada
470,tatut,hundred,sandaan,The cardinal number that is the product of ten and ten.,,,Verb,A Gaddang Vocabulary by: Yukihiro Yamada
471,tatut e tata,one hundred and one,sandaan at isa,The cardinal number that is one more than one hundred.,,,Other,A Gaddang Vocabulary by: Yukihiro Yamada
472,tetay,comb,suklay,A flat device with narrow pointed teeth on one edge; disentangles or arranges hair.,,,Noun,A Gaddang Vocabulary by: Yukihiro Yamada
473,tina,indigo,indigo,A deep blue-violet color between blue and violet in the visible spectrum.,,,Noun,A Gaddang Vocabulary by: Yukihiro Yamada
474,tudda,cooked rice,kanin,Rice that has been boiled or steamed and is ready to eat.,,,Verb,A Gaddang Vocabulary by: Yukihiro Yamada
475,tulang,bone,buto,Rigid connective tissue that makes up the skeleton of vertebrates.,,,Noun,A Gaddang Vocabulary by: Yukihiro Yamada
476,tulang na taggang,ribs,tadyang,Support resembling the rib of an animal.,,,Noun,Austronesian Basic Vocabulary Database.
477,tulay,person,tao,A human being.,,,Noun,A Gaddang Vocabulary by: Yukihiro Yamada
478,tumabbag,to answer,sumagot,"To respond to a question, request, or statement.",,,Other,A Gaddang Vocabulary by: Yukihiro Yamada
479,tumallung,to enter,pumasok,To go or come into a place.,,,Other,A Gaddang Vocabulary by: Yukihiro Yamada
480,tumang,knee,tuhod,Hinge joint in the human leg connecting the tibia and fibula with the femur and protected in front by the patella.,,,Noun,Austronesian Basic Vocabulary Database.
481,tumannab,sink,lumubog,To go down below the surface of a liquid or to descend to a lower level.,,,Noun,A Gaddang Vocabulary by: Yukihiro Yamada
482,ubi,"yam, violet in color",ube,"A starchy tuber, often purple in color, with a mildly sweet flavor.",,,Noun,A Gaddang Vocabulary by: Yukihiro Yamada
483,ulag,worm,uod,"A small, soft-bodied animal with no legs that lives in soil, water, or inside other living things.",,,Noun,A Gaddang Vocabulary by: Yukihiro Yamada
484,ulat,"blanket, coverlet",kumot,A piece of fabric used for warmth and covering while resting or sleeping.,,,Noun,A Gaddang Vocabulary by: Yukihiro Yamada
485,ulila,orphan,ulila,A child who has lost both parents.,,,Noun,A Gaddang Vocabulary by: Yukihiro Yamada
486,ulu,head,ulo,The upper part of the human body.,,,Noun,A Gaddang Vocabulary by: Yukihiro Yamada
487,umang ,to go,pumunta,To move or travel from one place to another.,kansa ino aggang nu si Japan,When did you go to Japan?,Other,A Gaddang Vocabulary by: Yukihiro Yamada
488,umangat,to breath,huminga,The air taken in or let out of the lungs during breathing.,,,Other,Austronesian Basic Vocabulary Database.
489,ummanan,to kiss,humalik,"To touch or press one’s lips against someone or something as a sign of love, affection, or greeting.",,,Other,A Gaddang Vocabulary by: Yukihiro Yamada
490,unafan,wash,hugas,"To clean something using water, often with soap or detergent.",unafan nu yo kamat,Wash hands,Noun,A Gaddang Vocabulary by: Yukihiro Yamada
491,unag,inside,loob,Within the inner part or interior of something.,,,Other,A Gaddang Vocabulary by: Yukihiro Yamada
492,unat,sugar-cane,tubo,A tall grass plant with thick stems rich in juice used to produce sugar.,,,Noun,A Gaddang Vocabulary by: Yukihiro Yamada
493,uni,sound,tunog,Vibrations that travel through the air or another medium and can be heard.,,,Noun,A Gaddang Vocabulary by: Yukihiro Yamada
494,uran,rain,ulan,Water falling in drops from vapor condensed in the atmosphere.,,,Noun,A Gaddang Vocabulary by: Yukihiro Yamada
495,uru,medicine,gamot,"A substance used to treat or prevent illness, disease, or injury.",,,Noun,A Gaddang Vocabulary by: Yukihiro Yamada
496,usin,penis,titi,The male organ of copulation (`member' is a euphemism).,,,Noun,Austronesian Basic Vocabulary Database.
497,utak,brain,utak,Part of the central nervous system that includes all the higher nervous centers; enclosed within the skull; continuous with the spinal cord.,,,Noun,Austronesian Basic Vocabulary Database.
498,uttaran,untie,kalas,To loosen or undo a knot or fastening.,uttaran nu ino sigut,Please untie the string,Noun,A Gaddang Vocabulary by: Yukihiro Yamada
499,uttaran,deer,usa,"A wild animal with hooves and antlers, usually living in forests or grasslands.",,,Noun,A Gaddang Vocabulary by: Yukihiro Yamada
500,uttun,up,itaas,Toward a higher position or place; above.,uttun na lamesa,on the table,Adverb,A Gaddang Vocabulary by: Yukihiro Yamada
501,uwing,charcoal,uling,a carbonaceous material obtained by heating wood or other organic matter in the absence of air,,,Noun,Construal of selected Gaddang lexicon and their cultural implications. Research & Reviews: Journal of Linguistics
502,walu,eight,walo,The cardinal number that is the sum of seven and one.,,,Other,A Gaddang Vocabulary by: Yukihiro Yamada
503,wayi,sibling,kapatid,A person's brother or sister.,napalugwan a lalaki / nalaugwan a bafay / nauddiyan / uddi,"elder sibling male, elder sibling female, younger sibling, youngest sibling",Verb,A Gaddang Vocabulary by: Yukihiro Yamada