ID,Word/Phrase,Enclitic Particle,Category,Snippet / Usage,English Translation,Context,Source (URL),Source (GDrive URL),Notes
1,adda,met,Class 3b: Pessimism / Emphasis,"""Adda met dagiti taraken da Pader. Pabo, kuneho, puraw a bao a babassit, aso, pusaâ€¦â€","""Father also has livestock: turkey, rabbit, a small white mouse, dog, catâ€¦â€"",","Met adds contrast, ""but/also"" nuance.",https://arielsotelotabag.blogspot.com/2008/09/littugaw.html,https://drive.google.com/file/d/1yzpzu9TXrRH_EWhmyfsyacqiPbbCND5E/view?usp=share_link,
2,nagado,met,Class 3b: Pessimism / Emphasis,nagado met pet peeve kon paya ngatan,"""I actually have many pet peeves, I guess.""",,https://x.com/ydstblvd/status/1962857308700160374,,
3,paya (kon),pay,Class 1: Completion / Addition,nagado met pet peeve kon paya ngatan,"""I actually have many pet peeves, I guess.""",,https://x.com/ydstblvd/status/1962857308700160374,,
4,ngatan,ngatan,Other: Speculation,nagado met pet peeve kon paya ngatan,"""I actually have many pet peeves, I guess.""",,https://x.com/ydstblvd/status/1962857308700160374,,
5,kas anu,ngatan,Other: Speculation,"Lord pls kas anu ngatan daytoy, pls give me wisdom and understanding., haanak kuma mailaw an. I know you have better plan for me. I surrender everything to you","â€œLord, please, what could this be, I guess? Please give me wisdom and understanding. I hope I will not be lost. I know you have a better plan for me. I surrender everything to you.â€",,https://x.com/Agoodkrle/status/1962421477602664536,,
6,haanak mailaw,kuma,Other: Hope / Necessity,"Lord pls kas anu ngatan daytoy, pls give me wisdom and understanding., haanak kuma mailaw an. I know you have better plan for me. I surrender everything to you","â€œLord, please, what could this be, I guess? Please give me wisdom and understanding. I hope I will not be lost. I know you have a better plan for me. I surrender everything to you.â€","An emotional plea / prayer. â€œKumaâ€ in prayers expresses dependence or reverence to God, while â€œngatanâ€ softens uncertainty with a speculative tone.",,,
7,indengam / panunutem,man,Class 2: Impatience / Command,"Pamulinawen, pusok indengam man Toy umas asug agrayo ta sadiam panunutem man inka pagintulkungan toy agayat ag ukiy dita sadiam","Pamulinawen, please listen to my heart
This pleading of mine, why do you turn away?
Please think of where I might go for refuge
This love keeps knocking at your door","The enclitic â€œmanâ€ here adds a tone of urging or mild impatience to the imperative verbs â€œindengamâ€ (listen) and â€œpanunutemâ€ (think). It softens the direct command into a pleading but persistent request, expressing frustration and insistence while still being polite.",https://www.facebook.com/reel/761587486482379,,
8,awan,met,Class 3b: Pessimism / Emphasis,Awan met awis mo! Congrats...,You didnâ€™t even invite me! Congratsâ€¦,The enclitic â€œmetâ€ adds emphasis and a slightly pessimistic or resigned tone. Here it stresses the speakerâ€™s feeling of being left out while still acknowledging the event with â€œCongrats.â€,https://www.facebook.com/ricky.pinlac.14/posts/pfbid027pe3s6x7pWtbstioBRF6BVunbkPYbAFwLjL69JsMHSU69Bcj7M9u2HvQDZn9qwPpl,,
9,sitay,kano,Class 3a: Interrogative / Reporting,"Kunada auntie sitay kano nga ilocano ket so nga haan tay unay pummintas ngamin narawet tayo kano ti gulgulay, iso nasubraan kano, so amin nga subra haan nga nasayaat,","They say, auntie, that we Ilocanos are supposedly not that good-looking because we eat too many vegetables. They say itâ€™s too much â€” and anything in excess is not good.","The enclitic â€œkanoâ€ marks reported speech or hearsay, indicating that the speaker is relaying information from others. It conveys uncertainty or indirect reporting, often translated as â€œthey sayâ€ or â€œsupposedly.â€",https://www.facebook.com/auntiebangit/videos/235894897561427/,,
10,Maysa,pay,Class 1: Completion / Addition,Sige maysa pay.. kunak ngaruden sabay,"Alright, one moreâ€¦ I said, then, letâ€™s go together.","The enclitic â€œpayâ€ indicates addition or continuation. Here it emphasizes doing â€œone moreâ€ action, signaling continuation or inclusion of another item or event.",,,On going translation
11,ngarud,ngarud,Class 5: Affirmation / Verification,Ket nya ngay ngarud,"â€œWell, it is what it is.â€","Used to draw a conclusion or express resignation. Adds a sense of closure or inevitability to the statement, shifting the tone from an open question (â€œKet nya ngay?â€) to one of acceptance or finality (â€œKet nya ngay ngarudâ€).",https://www.reddit.com/r/Ilocano/comments/1hmmlch/comment/m3v46w2/?utm_source=share&utm_medium=web3x&utm_name=web3xcss&utm_term=1&utm_content=share_button,,"discourse particle, not an enclitic particle. Doesn't really affirm nor confirm, so maybe look into deeper uses of it as they can be used in different context."
12,Awan,met,Class 3b: Pessimism / Emphasis,Idyay nga banda? Awan met makitak?,"""Saan banda? Wala naman ako makita?""","The enclitic met adds a tone of contrast or emphasis, often shading toward resignation or mild pessimism. Without met, the sentence is a plain statement (â€œAwan makitakâ€ = I donâ€™t see anything). With met, it becomes more expressive, implying something like â€œBut I really donâ€™t see anything / I just canâ€™t see anything after all.â€",https://www.reddit.com/r/Ilocano/comments/1n9o9e6/comment/ncqp5ui/?utm_source=share&utm_medium=web3x&utm_name=web3xcss&utm_term=1&utm_content=share_button,,
13,Agdamagak,man,Class 2: Impatience / Command,Agdamagak man apo,"â€œMay I ask, please.â€ / â€œLet me ask, sir/maâ€™am.â€","""man"" softens the request, making it more respectful and less direct. Without man, â€œAgdamagak apoâ€ would sound like a plain statement of intent (â€œI will ask, sir/maâ€™amâ€), but with man, it conveys humility and politeness.",https://www.reddit.com/r/Ilocano/comments/1n8vq4m/agdamagak_man_apo_no_ania_nasayat_nga_isungbat_t/?utm_source=share&utm_medium=web3x&utm_name=web3xcss&utm_term=1&utm_content=share_button,,Wrong category as it does not imply impatience or command. Good category is softening/politeness.
14,Kanayun ka,met,Class 3b: Pessimism / Emphasis,Ibagam nga no need agsend iti negative news ta kanayun ka met updated iti news.,â€œTell them thereâ€™s no need to send negative news because youâ€™re always updated with the news anyway.â€,"""met"" emphasizes the speakerâ€™s point with a shade of contrast and resignation. It implies that sending extra updates is redundant, since the person is always up-to-date as it is.",https://www.reddit.com/r/Ilocano/comments/1n8vq4m/comment/nci3yhp/?utm_source=share&utm_medium=web3x&utm_name=web3xcss&utm_term=1&utm_content=share_button,,"The particle â€œmetâ€ here is not pessimistic, nor is it expressing hopelessness. Instead, it serves as a soft emphasis / contrastive marker. Itâ€™s like saying â€œanywayâ€ / â€œafter allâ€. The sense is more of concession + emphasis, not pessimism."
15,pay-en,-en,Class 1: Completion / Addition,Damdamagak ngarod ti insights ta dik ammo payen nu nya mapaspasamak,"""â€œThatâ€™s why Iâ€™m asking for insights because I no longer know whatâ€™s happening.â€","-en marks completion or cessation. When attached to pay (â€œstill / yetâ€), it becomes payen, which shifts the meaning to â€œnot anymore / no longer.â€",https://www.reddit.com/r/Ilocano/comments/1n0gehe/comment/naqnity/?utm_source=share&utm_medium=web3x&utm_name=web3xcss&utm_term=1&utm_content=share_button,,
16,Mangted kayo,man,Class 2: Impatience / Command,"Mangtedkayo man, apo dagiti balikas a slang (informal word) iti Ilokano","""â€œPlease give some Ilocano slang (informal words), sir/maâ€™am.â€","""man"" here functions as a softener in a command or request. Instead of sounding demanding (â€œMangted kayo apo dagiti balikas a slangâ€ -> â€œGive some slang words, sir/maâ€™amâ€), the addition of man makes the tone more polite, almost like saying â€œpleaseâ€ or â€œif you may.â€",https://www.reddit.com/r/Ilocano/comments/1mx8qgr/ilocano_slang_ken_dialect/?utm_source=share&utm_medium=web3x&utm_name=web3xcss&utm_term=1&utm_content=share_button,,
17,naglaing,man,Class 2: Impatience / Command,naglaing man nag compose ma try nga rin kabsa,"Youâ€™re really good at composing, maybe I should also try, bro.","The enclitic â€œmanâ€ softens the statement and adds a tone of mild urging or suggestion. It conveys encouragement while expressing admiration, making the statement less abrupt or commanding.",https://www.facebook.com/guennettem/videos/962186345515292/,,
18,Napintas,pay,Class 1: Completion / Addition,Napintas pay no isalam very nice version bravo,"It would be even better if you sing it â€” very nice version, bravo!â€","The enclitic â€œpayâ€ adds a sense of addition or enhancement, emphasizing that something extra or additional (singing it) would improve the situation. It conveys continuation or further benefit.",,,
19,Naimbag,nga,Class 1: Completion / Addition,Naragsak/Naimbag nga Panagyaman,"""Happy Thanksgiving""","""nga"" here serves as a linking word to identify the event (thanksgiving)",https://ilokanostudent.blogspot.com/,,
20,ania,ngay,Uncategorized,ania ngay?!,"""whats up""","""ngay"" does not have an exact translation, but it is used sometimes to complete a sentece",https://hinative.com/questions/9169739,,
21,daytoy,man,Class 2: Impatience / Command,Daytoy man ti Introduction ti â€œThe Online Ilokano Dictionary Projectâ€,"""this is the introduction of ""The Online Ilokano Dictionary Project""""","""man"" here serves as a focus marker",https://ilocanoonline.wordpress.com/,,Category may be innacurate based on the usage of the enclitic particles.
22,Kasjay,kuma,Other: Hope / Necessity,Kasjay kuma ah nga mabalin kabilan ti acid ta matay jay kuko ngem sides lang tapnu awanen ingrown!,"â€œHopefully, it could be done in such a way that acid can be applied to kill the nail, but only on the sides so that there would be no more ingrown.â€","The enclitic particle kuma expresses wish, desire, or hope. In this sentence, the speaker is not stating a fact but rather expressing a hopeful or hypothetical situation (â€œI wish it were possibleâ€¦â€).",https://www.reddit.com/r/baguio/comments/1nbggy7/podiatrist/?utm_source=share&utm_medium=web3x&utm_name=web3xcss&utm_term=1&utm_content=share_button,,
23,haan,gayam,Other: Discovery,Also lessens jay copycats nga ada tatak na nga Sagada weaving ngem haan gayam.,"â€œIt also reduces the copycats that have the Sagada weaving label, but apparently not.â€","The enclitic gayam expresses discovery or realization, something contrary to what was previously thought. ""gayam"" marks that the earlier expectation (â€œlessens the copycatsâ€) turned out not to be the case.",https://www.reddit.com/r/baguio/comments/1ll8866/comment/mzzsxlh/?utm_source=share&utm_medium=web3x&utm_name=web3xcss&utm_term=1&utm_content=share_button,,
24,free,gayam,Other: Discovery,"Ay Free gayam, Health Center ijay T. Alonzo","â€œOh, itâ€™s free after all, at the Health Center in T. Alonzo.â€","The enclitic gayam conveys discovery or realization. The speaker has just found out that the service at the Health Center is actually free, which may have been unexpected or contrary to their assumption.",https://www.reddit.com/r/baguio/comments/1m74878/comment/n4qgfnz/?utm_source=share&utm_medium=web3x&utm_name=web3xcss&utm_term=1&utm_content=share_button,,
25,lang,gayam,Other: Discovery,Barbaru pay jay black out curtain ko ket ilikopter lang gayam ti mang distorbo kenyak,"â€œI was even blaming my blackout curtain, but it turns out itâ€™s the helicopter that will disturb me.â€","In this sentence, the enclitic particle gayam expresses a realization. The speaker first thought that the blackout curtain was the cause of the disturbance, but upon discovery, they realized it was actually a helicopter. The presence of lang emphasizes that it is â€œonlyâ€ a helicopter, making the realization sound lighter or less serious than expected.",https://www.reddit.com/r/baguio/comments/1myjc6c/comment/nad7gva/?utm_source=share&utm_medium=web3x&utm_name=web3xcss&utm_term=1&utm_content=share_button,,
26,adda,gayam,Other: Discovery,Uy ad(d)a gayam ijay abanao han ko amu ..thanks OP,"â€œOh, so there is actually one in Abanao, I didnâ€™t knowâ€¦ thanks OP.â€","The speaker admits they were unaware that something (a place, event, or service) existed in Abanao. Upon finding out, they express surprise or discovery. The particle softens the tone, turning the statement into an acknowledgment of newly learned information.",https://www.reddit.com/r/baguio/comments/1n18z9l/comment/naxbka0/?utm_source=share&utm_medium=web3x&utm_name=web3xcss&utm_term=1&utm_content=share_button,,
27,In-call out,kuma,Other: Hope / Necessity,In-call out mo kuma suda a.,â€œYou should have called them out.â€,"The enclitic particle kuma attaches to the verb In-call out and expresses a sense of wish or desire. The speaker is not merely stating an action but rather showing that it is something they wish had happened or something that should ideally be done. In this case, kuma softens the tone, making the statement less direct and more hypothetical, as if expressing regret or hopeful suggestion.",https://www.reddit.com/r/baguio/comments/1n4tuz8/comment/nbnlbje/?utm_source=share&utm_medium=web3x&utm_name=web3xcss&utm_term=1&utm_content=share_button,,
28,mabilibak,kuma,Other: Hope / Necessity,"Mabilibak kuma nu jay dragon titan ti tsinelas na, off white met.","â€œI wouldâ€™ve been impressed if his slippers were Dragon Titan, but theyâ€™re Off-White.â€","The enclitic kuma attaches to mabilibak (â€œI would be impressedâ€) and conveys a hypothetical wish or counterfactual desire. The speaker is expressing what would have impressed them under different circumstances, but reality does not match that expectation. In this way, kuma softens the statement and frames it as a wistful or imagined scenario rather than a factual one.",https://www.reddit.com/r/baguio/comments/1n150gr/comment/naw492j/?utm_source=share&utm_medium=web3x&utm_name=web3xcss&utm_term=1&utm_content=share_button,,
29,mabalin,kuma,Other: Hope / Necessity,Nu mabalin la kuma nga ikali nga sibibiag itta uneg ti kalsada dagita nga agtatakaw nga contractor ken pulitiko nga kakadua da,â€œIf only it were possible to bury alive there in the road those thieving contractors and the politicians with them.â€,"Here, the enclitic kuma expresses a wish or longing for something unlikely or hypothetical. It softens mabalin (â€œpossibleâ€) into mabalin kuma -> â€œif only it were possible.â€",https://www.reddit.com/r/baguio/comments/1myl8v8/comment/naeahjs/?utm_source=share&utm_medium=web3x&utm_name=web3xcss&utm_term=1&utm_content=share_button,,
30,Naimas,kuma,Other: Hope / Necessity,Naimas kuma kanayon t(i) sida yu.,"""I wish you will always have delicious food""","Here, the enclitic particle kuma expresses a wish or hopeful desire. By attaching to naimas, it turns a description (â€œdeliciousâ€) into a wishful statement about the food always being tasty",https://www.reddit.com/r/baguio/comments/1mj3rej/comment/n78kd6o/?utm_source=share&utm_medium=web3x&utm_name=web3xcss&utm_term=1&utm_content=share_button,,
31,adda ak,kuma,Other: Hope / Necessity,"Nu adda ak kuma dita, syak mang bugkaw-en.","â€œIf only I were there, I would be the one to shout.""","Here, the enclitic particle kuma conveys a counterfactual wish. The speaker imagines being present in a place where they are not, and what they would have done (shout) if that had been the case.",https://www.reddit.com/r/baguio/comments/1n7cpjj/comment/nc6hx17/?utm_source=share&utm_medium=web3x&utm_name=web3xcss&utm_term=1&utm_content=share_button,,
32,Nagsubli,ngatan,Other: Speculation,Nagsubli ngatan kuryente?. Paawidak pay lang gamin ket medjo aglowbat phone kon.,â€œDid the electricity come back already? Iâ€™m still on my way home and my phoneâ€™s already running low on battery.â€,"Theyâ€™re wondering if the electricity has already come back, but they arenâ€™t sure, so they phrase it tentatively: â€œNagsubli ngatan kuryente?â€, which carries the sense of â€œI wonder if the electricity has returned?â€ or â€œHas the electricity come back already?â€ The ngatan softens the question, showing uncertainty and curiosity rather than demanding an answer.",https://www.reddit.com/r/baguio/comments/1fzl071/comment/lr2daa7/?utm_source=share&utm_medium=web3x&utm_name=web3xcss&utm_term=1&utm_content=share_button,,
33,Wen,ngarud,Class 5: Affirmation / Verification,"Wen ngarud, ag roadtrip ak kotdi all summer haha","""Yeah, exactly, Iâ€™ll be going on road trips all summer.""","The speaker is agreeing with enthusiasm and confirming a plan or idea. Someone may have suggested or implied enjoying the summer, and the speaker responds with â€œWen ngarudâ€: which doesnâ€™t just mean â€œYesâ€, but rather â€œYes indeed / Exactly / Thatâ€™s rightâ€.",https://www.reddit.com/r/baguio/comments/1jo9wr5/comment/ml42np6/?utm_source=share&utm_medium=web3x&utm_name=web3xcss&utm_term=1&utm_content=share_button,,
34,Isu,ngarud,Class 5: Affirmation / Verification,Isu ngarud naglemmeng manen hahaha,"""That's why it hid again""","The speaker is reacting to the playful warning that the sun might â€œhideâ€ if given attention. After this joke, the speaker notices that the weather has actually become cold again. By saying â€œIsu ngarud naglemmeng manenâ€, they are connecting the first personâ€™s joke with the current situation, almost like saying â€œSee, thatâ€™s why it got cold again.â€",https://www.reddit.com/r/baguio/comments/1meonua/totoo_na_ba_to/?utm_source=share&utm_medium=web3x&utm_name=web3xcss&utm_term=1&utm_content=share_button,,
35,"""damage has been done""",ngarud,Class 5: Affirmation / Verification,"Nag-issue da metten apology kakitkitak lang. Ngem the ""damage has been done"" ngarud nga kunada.","""They already issued an apology, I just saw it. But as they say, 'the damage has been done'.""","By inserting ngarud into â€œthe damage has been done ngarud nga kunadaâ€, the speaker signals affirmation and inevitability: the expression â€œthe damage has been doneâ€ is accepted as the natural conclusion.",https://www.reddit.com/r/baguio/comments/1m1dh8f/comment/n3l92j9/?utm_source=share&utm_medium=web3x&utm_name=web3xcss&utm_term=1&utm_content=share_button,,
36,paggatangak,ngatan,Other: Speculation,"Makasuk suka ak apo, naibusen jay suka ditoy Ferzal..Paggatangak ngatan ti suka iloko nga ada gasang na? Haan naimas masaramsam ngay","â€œI feel like throwing up, sir, the vinegar here in Ferzal is finished. Should I buy Iloco vinegar with garlic in it instead? It really doesnâ€™t taste good.â€","The enclitic â€œngatanâ€ here expresses speculation or uncertainty about an action â€” in this case, whether to buy a different kind of vinegar. It softens the question, showing hesitation or tentative consideration.",https://x.com/mateo24022420/status/1834148831451365497,,
37,love nak,ngatan,Other: Speculation,love nak ngatan to pelang ni nanang ko nu maamwan na bakla ak,"â€œMaybe the only one who will love me is my mother, if she finds out that I am gay.â€","The enclitic â€œngatanâ€ expresses speculation or uncertainty. Here, it conveys the speakerâ€™s doubt or tentative thinking about the possibility of being loved only by their mother.",https://x.com/rvnchlz/status/1741134249921515701,,
38,kumusta,ngatan,Other: Speculation,Kumusta ngatan dalan dita DIADI N.V?SAAN KUMAN NGA TRAFFIC DAMDAMA PAAWID ISABELA,"â€œI wonder how the road is in Diadi, Nueva Vizcaya? Hopefully thereâ€™s no traffic later when going home to Isabela.â€","The enclitic â€œngatanâ€ expresses speculation or uncertainty. Here, it shows the speaker is wondering or tentatively considering the condition of the road, without certainty.",https://x.com/Boss853905/status/1814542688374694123,,
39,kasano,ngatan,Other: Speculation,kasano ba ag host? Haha shuta kung ano ano na lang pinapagawa ne! Kakaloka haha kasano ngatan nu bigla nak makasao dakes,"â€œHow do you even host? Haha damn, theyâ€™re making me do all sorts of things! Itâ€™s driving me crazy, haha. What if I suddenly say something wrong?â€","The enclitic â€œngatanâ€ conveys speculation or uncertainty. Here, it marks the speakerâ€™s worry or tentative consideration about possibly making a mistake while hosting.",https://x.com/itsalexgzmn29/status/1831996014942666771,,
40,isu,ngatan,Other: Speculation,Isu ngatan a ti inggatang nan ti tickets idi napan nagbuya ti concert ni Taylor Swift diay Singapore.,â€œSo thatâ€™s probably what she bought â€” the tickets when she went to watch Taylor Swiftâ€™s concert in Singapore.â€,"The enclitic â€œngatanâ€ expresses speculation or tentative judgment. Here, it conveys the speakerâ€™s uncertainty about what was purchased, softening the statement into a guess rather than a definitive fact.",https://x.com/uNicohijo916/status/1847542826365554764,,
41,haan ka,gayam,Other: Discovery,"Nag jogging ako sa mmsu tapos tinanong nung guard kung saang college ba ako at kung bat ang aga ko nag jogging. Wala ako maipakita na id e pinakita ko na lang iba kong id. Ang sabi nung guard ""Haan ka gayam nga estudyanten sir. Nagubing ka nga para 199*.","â€œI went jogging at MMSU, and the guard asked me which college I belonged to and why I was jogging so early. I didnâ€™t have a school ID to show, so I just presented another ID. Then the guard said, â€˜So youâ€™re not actually a student, sir. You still look young for someone born in the 1990s.â€™â€","The enclitic â€œgayamâ€ marks discovery or realization. Here, it indicates that the guard has just realized or confirmed that the speaker is not actually a student.",https://x.com/GanapInIlocos/status/1959037202798977492,,
42,addo met,gayam,Other: Discovery,"Addo met gayam piman daytoy for one..
#igorot 
#baguio",â€œThere really are a lot of these â€˜for oneâ€™ (servings). #igorot #baguioâ€,"The enclitic â€œgayamâ€ indicates discovery or realization. Here, it conveys the speakerâ€™s recognition or surprise at the quantity of the servings.",,,
43,maysa,kano,Class 3a: Interrogative / Reporting,â€œIti maysa kano a lector...â€,"""A lector""","kano indicates reported speech or hearsay, showing the information came from someone else, not directly from the speaker.",https://arielsotelotabag.blogspot.com/2008/09/littugaw.html,,
44,Adda,latta,Uncategorized,"""Adda latta met dagiti taga-uneg""","""There are still people from the inside.""",latta stresses continuity/persistence â€” the situation remains unchanged.,https://arielsotelotabag.blogspot.com/2008/09/littugaw.html,,
45,mangan ka,pay,Class 1: Completion / Addition,"""Nangankan? Umayka ditoy, mangan ka pay!""","""Have you eaten yet? Come here lets eat""",pay signals addition â€” inviting the listener to join in eating as something extra or continuing.,https://porkintheroad.blogspot.com/2015/11/nangankan-umayka-ditoy-mangan-ka-pay.html,,
46,isuna nga,kas,Uncategorized,"""Isuna ket ar-aramiden na nga makaturturog ken nabilis isuna nga kas iti lumagto.""","""This makes him sleepy, and soon he is fast as-leap.""",kas shows comparison/similarity â€” likening the subjectâ€™s speed to leaping.,https://ilocanotreasures.blogspot.com/2012/08/sayings-of-ilocanos_602.html,,
47,immula,mi,Uncategorized,"""Immulami pay dagitoy a bukel ti saluyot""","""We will just plant these jute seeds.""","mi marks possession/actor, identifying â€œweâ€ as doers. With pay, it also implies â€œin additionâ€ (more planting).",https://theilocostimes.blogspot.com/2016/02/pasnaan-yuboyuban-dagiti-managbariw-as.html,,
48,dayta,ngarud,Class 5: Affirmation / Verification,"""Dayta ngarud a situasion ti indatagko kadagiti dadakkelko iti dayta a panangrabiimi.""","""That then is the situation I presented to my elders during our gathering.""",ngarud affirms or concludes â€” presenting the statement as settled or verified.,https://arielsotelotabag.blogspot.com/2010/07/karapote.html,,
49,pagkape,kuma,Other: Hope / Necessity,"""Mapan kuma gumatang iti asukar a pagpasam-it ni tatangko iti kinirog a bagas a pagkapemi.","""My dad was going to buy sugar to sweeten our fried rice for coffee.""",kuma expresses desire or intention â€” signaling what should happen or is hoped for.,https://arielsotelotabag.blogspot.com/2010/07/karapote.html,,
50,kasapulan,unay,Uncategorized,"""rumuar laeng no adda kasapulan unay a papanan wenno aramiden""","""only go out when something needs to be done""",unay intensifies necessity â€” stressing that it must be important/urgent.,https://nordis.net/2020/07/02/article/news/northern-luzon/mgcq-agtaltalinaed-iti-mayorya-ti-probinsia-ti-northern-luzon/,,
51,dadduma,pay,Class 1: Completion / Addition,"""Agasawa a Discaya ken dadduma pay, mapaayaban manen iti panagdengngeg ti Senado""","""The Discaya couple and others will again be summoned to the Senate hearing.""",pay adds inclusion â€” indicating that others also are involved beyond those first mentioned,https://laoag.bomboradyo.com/agasawa-a-discaya-ken-dadduma-pay-mapaayaban-manen-iti-panagdengngeg-ti-senado/,,
52,Ngimmato,pay,Class 1: Completion / Addition,"""Ngimmato pay met ti danum kadagiti karayan iti nadumaduma a paset ti Pakistan.""","""The water in the rivers also rose in different parts of Pakistan.""",pay highlights addition â€” another flood/rising event is being reported.,https://vigan.bomboradyo.com/nasurok-2-m-nga-agindeg-idiay-pakistan-naibakwit-gapu-iti-layus/,,
53,Ngimmato,met,Class 3b: Pessimism / Emphasis,"""Ngimmato pay met ti danum kadagiti karayan iti nadumaduma a paset ti Pakistan.""","""The water in the rivers also rose in different parts of Pakistan.""","met emphasizes or contrasts â€” here it implies â€œalso, unfortunatelyâ€ (intensifying the eventâ€™s seriousness).",https://vigan.bomboradyo.com/nasurok-2-m-nga-agindeg-idiay-pakistan-naibakwit-gapu-iti-layus/,,
54,sibubukel,wenno,Uncategorized,â€¦no agibagbaga ti sibubukel wenno kagudua laeng ti kinapudnoâ€¦,"""â€œWhether they tell the whole truth or only half of itâ€¦â€""","wenno sets alternatives â€” â€œor,â€ presenting possible conditions.",https://laoag.bomboradyo.com/agasawa-a-discaya-ken-dadduma-pay-mapaayaban-manen-iti-panagdengngeg-ti-senado/,,
55,kadakuada,-da,Uncategorized,â€¦alisto ti panangipaay ti serbisio medikal kadakuada a senior,"""â€¦the medical service was promptly provided to the seniors.""",-da marks plural possession/object â€” â€œto themâ€ (the seniors).,https://laoag.bomboradyo.com/agarup-1-k-a-pasiente-nabenepisiaran-ti-serbisio-medikal-kagiddan-iti-maika-68-a-panagkasangay-ni-pres-ferdinand-marcos-jr/,,
56,kenkuana,-na,Uncategorized,â€¦a dakkel daytoy a tulong para kenkuanaâ€¦,"""â€¦this is a great help for her/himâ€¦""",-na marks singular possession/object â€” â€œfor him/her.â€,https://laoag.bomboradyo.com/agarup-1-k-a-pasiente-nabenepisiaran-ti-serbisio-medikal-kagiddan-iti-maika-68-a-panagkasangay-ni-pres-ferdinand-marcos-jr/,,
57,adda,gayam,Other: Discovery,""" Adda gayam iretreto ti amo ti novia a maysa a Hawayano!""","""Apparently, the boss was setting her up with a Hawaiian.""",gayam signals realization/discovery â€” expressing that the speaker just found this out.,https://theilocostimes.blogspot.com/2014/03/pait-kem-sam-it-mo-ayat.html,,
58,adda,ngamin,Uncategorized,"Adda ngamin dagiti pasamak a sumbrek ti kinaulbod a mangdadael ti relationship.""","""Because there are indeed events of deceit that destroy a relationship.""",ngamin provides reason/explanation â€” â€œbecause/indeed.â€,https://theilocostimes.blogspot.com/2014/03/pait-kem-sam-it-mo-ayat.html,,
59,kasano,ngaruden,Uncategorized,Kasano ngaruden ni PROMISE?,"""So then, what about PROMISE?""","ngaruden emphasizes conclusion or follow-up â€” â€œthen/so,â€ pushing the discourse forward.",https://theilocostimes.blogspot.com/2014/03/pait-kem-sam-it-mo-ayat.html,https://theilocostimes.blogspot.com/2014/03/pait-kem-sam-it-mo-ayat.html,
60,kanu,pay,Class 1: Completion / Addition,kinita mi diay apartment ok met ngem understand construction kanu py,"â€œWe checked the apartment and it was okay, but apparently itâ€™s still under construction.â€","The enclitic â€œpayâ€ indicates addition or continuation. Here, it emphasizes additional information about the apartmentâ€™s condition, showing that there is more to consider beyond the initial observation.",https://www.facebook.com/groups/766033430837837/permalink/1977450243029477/?mibextid=wwXIfr&_rdr,,
61,ipractice ko man,met,Class 3b: Pessimism / Emphasis,"""Sis @@joviealmoite8243 baka mabalin ka ag upload jay minus one na ta ipractice ko man met nga ipakanta ken toy barok.. kursunadak la unay gamin ta instrumental mo ğŸ¥°""","""Sis @joviealmoite8243, maybe you can upload the minus one so I can also practice singing it with this kid (barok). I really like it because your instrumental is so nice ğŸ¥°""","â€œmetâ€ adds nuance such as contrast, emphasis, or softening, and when combined with â€œmanâ€ (as in â€œipractice ko man metâ€), it often conveys a resigned or self-effacing tone. The phrase literally means â€œIâ€™ll try to practice itâ€, but with â€œmetâ€ it becomes â€œWell, Iâ€™ll just practice it too / I might as well practice it anywayâ€",https://www.youtube.com/watch?v=dVsmIgPFGF4&list=RDdVsmIgPFGF4&start_radio=1,,
62,Nagmayat,man,Class 2: Impatience / Command,"""Nagmayat man nga tukar""","â€œWow, it really is a nice tune.â€","The speaker hears the music and reacts with appreciation. The enclitic â€œmanâ€ softens the statement while also highlighting it, giving a tone like â€œWow, it really does sound niceâ€ or â€œThatâ€™s such a nice tune indeed.â€",https://www.youtube.com/watch?v=dPG5SZM4Yps,,"Incorrect category as the ""man"" here softens and highlights the subject matter."
63,napintas,pay,Class 1: Completion / Addition,"""ğŸ‰ngpintar ta view na ken npintas pay ta kanta""","â€œThe view is beautiful, and the song is also beautiful.â€","In Ilocano, â€œnapintasâ€ means â€œbeautiful / nice.â€ The enclitic â€œpayâ€ conveys addition or completion, similar to â€œalso / even more / still.â€ So in â€œngpintar ta view na ken napintas pay ta kanta,â€ the speaker is praising both the scenery (view) and the song, with â€œpayâ€ stressing that the song is in addition to whatâ€™s already beautiful.",https://www.youtube.com/watch?v=dPG5SZM4Yps,,
64,naglaing ka,man,Class 2: Impatience / Command,"""naglaing ka man nga agaramid t kanta madam""","â€œYouâ€™re really talented at making songs, madam.â€","â€œNaglaing kaâ€ means â€œYou are good / talented.â€ The enclitic â€œmanâ€ here works as a softener or affirmation, giving the tone of â€œindeedâ€ or â€œtruly.â€",https://www.youtube.com/watch?v=dPG5SZM4Yps,,"Incorrect category. ""man"" serves as softener or affirmation"
65,surwanak,man,Class 2: Impatience / Command,"""Ganda nang boses mo maam kin nglain ka nga aggitara surwannk man madam""","â€œYou have such a beautiful voice, maâ€™am, and youâ€™re so good at playing guitarâ€”please teach me, maâ€™am.â€","The sentence â€œGanda nang boses mo maam, kin naglaing ka nga aggitara, surwanak man madamâ€ mixes Tagalog and Ilocano. â€œSurwanakâ€ means â€œteach me.â€ Adding â€œmanâ€ here doesnâ€™t really show impatience; instead, it functions as a softener or polite request marker.",https://www.youtube.com/watch?v=dPG5SZM4Yps,,
66,Pintas,man,Class 2: Impatience / Command,"""Pintas man boses mo kabsat""","â€œWow, your voice is really beautiful, brother/sis.â€","â€œPintasâ€ means â€œbeautifulâ€ or â€œnice.â€ In â€œPintas man boses mo kabsat,â€ the enclitic â€œmanâ€ shows emphasis or affirmation â€” softening the tone and making the praise warmer. Itâ€™s like saying â€œindeed / really.â€",https://www.youtube.com/watch?v=dPG5SZM4Yps,,Incorrect category.
67,Nagmayat,man,Class 2: Impatience / Command,"""Ngmayat man ti lyrics ta kantam kabsat""","â€œThe lyrics of your song are really nice, brother/sis.â€","In â€œNgmayat man ti lyrics ta kantam kabsatâ€, the word â€œnagmayatâ€ means â€œnice / good.â€ The enclitic â€œmanâ€ expresses emphasis or affirmation.",https://www.youtube.com/watch?v=dPG5SZM4Yps,,Incorrect category.
68,Adda met,gayam,Other: Discovery,"""Ayun,,, namin adok nga binuybuya jay original version na nem jak talaga maawatan,, adda mt gayam ilokano version na.""",â€œSo it turns out thereâ€™s also an Ilocano version.â€,"the phrase signals a discovery or realization. â€œAddaâ€ = â€œthere is,â€ â€œmetâ€ = softener/connector (indeed / also), and â€œgayamâ€ = â€œas it turns out / apparently.â€ Together they express a tone of â€œOh, so there is after all!â€",https://www.youtube.com/watch?v=dPG5SZM4Yps,,
69,Nagpintas,man,Class 2: Impatience / Command,Nagpintas Man ta Kantam,â€œYour song is really beautiful.â€,"In â€œNagpintas man ta kantamâ€, â€œnagpintasâ€ means â€œbeautiful / nice.â€ The enclitic â€œmanâ€ here is about emphasis and affirmation.",https://www.youtube.com/watch?v=dPG5SZM4Yps,,Incorrect cateogory
70,awan,pay,Class 1: Completion / Addition,awan pay ti impakaammo kadakuada dagiti maseknan nga opisina,There is still no information given to the concerned offices.,"â€œpayâ€ here serves as continuation, meaning the information has still not been given up to now.",https://baguio.bomboradyo.com/p50-flagdown-rate-saan-a-mabalin-a-masingir-nu-awan-ti-naipaiyulog-a-pammilin-seknan-iti-calibration/,,
71,saan,pay,Class 1: Completion / Addition,saan pay mabalin nga agipangato dagiti driver iti pamasahe,â€œDrivers still cannot raise the fare.â€,"â€œpayâ€ here serves as continuation, showing the restriction still applies.",https://baguio.bomboradyo.com/p50-flagdown-rate-saan-a-mabalin-a-masingir-nu-awan-ti-naipaiyulog-a-pammilin-seknan-iti-calibration/,,
72,public school,man,Class 2: Impatience / Command,public school man o private school,Whether public school or private school.,"â€œmanâ€ here serves as inclusion, signaling â€œwhichever of the twoâ€ without distinction.",https://baguio.bomboradyo.com/baguio-city-national-high-school-saanen-nga-umawat-pay-ti-enrollees-para-iti-grade-11-enrollment-para-iti-grade-12-manarimaan/,,Incorrect cateogory
73,dadduma,pay,Class 1: Completion / Addition,nagduduma a sektor ken dadduma pay a maseknan,â€œDifferent sectors and other concerned ones.â€,"â€œpayâ€ here serves as addition, indicating other sectors are also concerned.",https://baguio.bomboradyo.com/rallyista-iti-siudad-ti-baguio-ken-probinsia-ti-benguet-agsagsagnada-para-iti-rally-nga-ipatungpal-dagitoy-iti-siudad/,,
74,Apay,ngatan,Other: Speculation,Apay ngatan a kastoy ti tiempona?,â€œWhy is it like this in this time?â€,"â€œngatanâ€ here serves as speculation, expressing uncertainty or wonder.",https://amiananbalitangayon.com/asino-kadi-a-talaga-ti-maikari/,,
75,Alla,ngarud,Class 5: Affirmation / Verification,Alla ngarod ket irugikon daytoy nai share nga impormasyon kadatayo.,"â€œSo then, letâ€™s start sharing this information with us.â€","â€œngarudâ€ here serves as affirmation, drawing a conclusion â€” â€œso then / therefore.â€",https://amiananbalitangayon.com/epanaw-ti-malas/,,
76,Sapay,kuma,Other: Hope / Necessity,ngem sapay kuma ta iti bendisyon ti Nailangitan nga Ama,â€œHopefully with the blessing of the Heavenly Father.â€,"â€œkumaâ€ here serves as hope, expressing a wish or desire.",https://amiananbalitangayon.com/epanaw-ti-malas/,,
77,haan,gayam,Other: Discovery,diay inaramid na haan gayam nga napintas,â€œWhat he did turned out not to be good.â€,"â€œgayamâ€ here serves as discovery, marking realization of something unexpected.",https://baguioheraldexpressonline.com/apayao-solon-uplifts-spirits-of-bjmp-inmates/,,
78,sunduenna,kuma,Other: Hope / Necessity,Benguet tapno sunduenna kuma ti asawana.,"â€œTo Benguet, hopefully to pick up his/her spouse""","â€œkumaâ€ here serves as hope, signaling a desired or wished action.",https://baguio.bomboradyo.com/mister-a-mangsundo-kuma-iti-asawana-naaksidente-idiay-bokod-benguet-bangkay-daytoy-naiyawiden/,,
79,,kuma,Other: Hope / Necessity,"saan kuma a maipabuya ti video,",â€œHopefully the video is not leaked.â€,"â€œkumaâ€ here serves as hope, wishing to prevent something.",https://baguio.bomboradyo.com/panagdinggeg-iti-kaso-ti-human-trafficking-a-naipila-kontra-kenni-apollo-auiboloy-agtultuloy-video-ni-quiboloy-a-naipabuya-bayat-ti-kick-off-rally-saan-kuma-a-mai-play-sigun-iti-abogadona/,,
80,Namnamaen,pay,Class 1: Completion / Addition,Namnamaen pay ti kampo ni Quiboloy,â€œThe camp of Quiboloy is still expecting.â€,"â€œpayâ€ here serves as continuation, stressing that the expectation still holds",https://baguio.bomboradyo.com/panagdinggeg-iti-kaso-ti-human-trafficking-a-naipila-kontra-kenni-apollo-auiboloy-agtultuloy-video-ni-quiboloy-a-naipabuya-bayat-ti-kick-off-rally-saan-kuma-a-mai-play-sigun-iti-abogadona/,,
81,kastoy,gayam,Other: Discovery,Kastoy gayam naimas a loto t pato,This is how delicious duck is cooked.,"â€œgayamâ€ here serves as discovery, expressing surprise after realizing something.",https://www.facebook.com/edmel.padaca.1/posts/kastoy-gayam-naimas-a-loto-t-pato/1898045757439614/,,
82,ekspektaren,ngarud,Class 5: Affirmation / Verification,ekspektaren ngarud dagiti umili ken motorista iti nairut a trapiko,The people and motorists are therefore expected in the heavy traffic.,"â€œngarudâ€ here serves as affirmation, signaling a logical conclusion â€” â€œtherefore/so.â€",https://rmn.ph/umuna-nga-tan-ok-ni-ilocano-dance-parade-maangay-ita-nga-aldaw/,,
83,apay,ngay,Uncategorized,â€œKunak man sumensentro ti DoLE ditoy a gusot. Apay ngay nga isuda ket maka-kumpanya?â€,â€œI thought DOLE was focusing on this issue. But why is it that they can still side with the company?â€,"â€œngayâ€ here serves as emphasis in a rhetorical question, highlighting doubt or disbelief â€” like saying â€œwhy indeed?â€",https://www.bulatlat.com/news/5-19/5-19-strike.htm?tztc=1,,"uncategorized ""ngay"""
84,awan,kuma,Other: Hope / Necessity,nakasurat ditoy desisyon nga awan koma ar-aramiden ti kumpanya a retaliation,It is written in the decision that the company should not retaliate.,"â€œkumaâ€ here serves as necessity, marking what should or must happen â€” the company should not retaliate.",https://www.bulatlat.com/news/5-19/5-19-strike.htm?tztc=1,,
85,Haan,kuma,Other: Hope / Necessity,Haan kayo kuma agbuteng ti pulis tayo,You should not fear our police.,"â€œkumaâ€ here serves as necessity, urging or exhorting â€” the listeners should not be afraid.",https://pia.gov.ph/abra-police-showcases-creativity-sparks-hope-in-christmas-light-opening/,,
86,adda ba,gayam,Other: Discovery,Damag ko lang nu adda ba gayam agOoffer Basic Mountaineering Course ditoy Baguio or LaTrinidad area?,â€œI just want to ask if thereâ€™s really anyone offering a Basic Mountaineering Course here in the Baguio or La Trinidad area?â€,"The enclitic â€œgayamâ€ indicates discovery or confirmation. Here, it conveys that the speaker is verifying or checking whether something actually exists, showing tentative curiosity or inquiry.",https://www.reddit.com/r/baguio/comments/1ax4nt9/looking_for_bmc/,https://drive.google.com/file/d/1_M3MJc-yomrBjaDMtTl3eqG6TUjz9X6s/view?usp=sharing,
87,haan ko,kuma,Other: Hope / Necessity,Commented a month ago how much I miss Porta Vaga's art installations. Haan ko kuma nakita kanina kung di pa ako tumingala,"â€œI commented a month ago about how much I miss Porta Vagaâ€™s art installations. Earlier, I wouldnâ€™t have even seen it if I hadnâ€™t looked up.â€","The enclitic â€œkumaâ€ expresses hope or necessity. Here, it conveys that the speaker acknowledges the importance of having looked up, implying that without this action, they wouldnâ€™t have noticed the art installations.",https://i.redd.it/9403feme59qc1.jpeg,https://drive.google.com/file/d/1uvfPN6wPUrjoYEE7X1fFLecwL8AaasL7/view?usp=sharing,
88,sige,ngarud,Class 5: Affirmation / Verification,"Uy ano na ngay, sige garud.","â€œHey, so what now? Okay then.â€","The enclitic â€œngarudâ€ conveys affirmation, confirmation, or agreement. Here, it signals the speakerâ€™s readiness to proceed or acceptance of the situation.",https://www.reddit.com/r/baguio/comments/1bwn9zr/ngay_and_garud/,https://drive.google.com/file/d/1N7sRFAxKKNEpgUDOMWjvgEsXKerGiKn5/view?usp=sharing,Garud as a modified or shorthand version of ngarud
89,"laengen, nga",kuma,Other: Hope / Necessity,mano met laengen kuma nga barya ket utakan nak pay,"â€œIt was supposed to be just a small amount of change, but he still made me pay.â€","The enclitic â€œkumaâ€ expresses hope or expectation. Here, it conveys the speakerâ€™s wish that the amount of change should have been minimal, highlighting a sense of anticipated fairness.",https://www.reddit.com/r/baguio/comments/1d0jwx0/jeep_at_drivers_po_sa_bakakeng_nortesur/,https://drive.google.com/file/d/1dXab14h-yw89eEzs0InmODUblJUpCLfn/view?usp=sharing,
90,utakan nak,pay,Class 1: Completion / Addition,ano met laengen kuma nga barya ket utakan nak pay?,"â€œIt was supposed to be just a little change, but he still charged me?â€","The enclitic â€œpayâ€ indicates continuation or addition. Here, it emphasizes that despite expectations of a small amount, there was an additional unexpected charge, highlighting continuation of the situation.",https://www.reddit.com/r/baguio/comments/1d0jwx0/jeep_at_drivers_po_sa_bakakeng_nortesur/,https://drive.google.com/file/d/1dXab14h-yw89eEzs0InmODUblJUpCLfn/view?usp=sharing,
91,inya ngay,ngarud,Class 5: Affirmation / Verification,"Aye, kakaasi ti pasaheros ken drivers dahil sa traffic dahil sa inaayos na kalsada ngem inya ngay garod","â€œOh, pity the passengers and drivers because of the traffic caused by the road repairs â€” but then again, what can you really do?â€","The enclitic â€œngarudâ€ conveys affirmation, confirmation, or acceptance. Here, it signals resignation or acknowledgment of the situation â€” accepting that the traffic is unavoidable.",https://www.reddit.com/r/baguio/comments/1e4ixmx/sisingit_sa_pila/,https://drive.google.com/file/d/1tJ51pkCG4UFDJI5RC_PQHjRdR-lrioKh/view?usp=sharing,Garod as a modified or shorthand version of ngarud
92,kasla,kuma,Other: Hope / Necessity,"Kasla kuma, ijy stone kingdom maulap at agar arbis ngem cloudy lang ijy botanical with konting silip ni sun na weather","â€œIt seems that at Stone Kingdom itâ€™s very cloudy and foggy, but at the Botanical Garden itâ€™s just cloudy with a bit of sunshine peeking through.â€","The enclitic â€œkumaâ€ expresses hope, tentative speculation, or soft suggestion. Here, it conveys that the speaker is describing weather conditions with some uncertainty or tentative observation.",https://www.reddit.com/r/baguio/comments/1fsth58/can_you_update_the_rules_then/,https://drive.google.com/file/d/1eXXHFYTbfsIZvjE0W4nzX_Ezo01Yf4Aa/view?usp=sharing,
93,"pasuggest, kakabsat",kuma,Other: Hope / Necessity,Pasuggest kuma kakabsat ti mayat nga clinic pagpaikkatan wisdom tooth. Salamat!,"â€œFriends, can you suggest a good clinic for wisdom tooth extraction? Thanks!â€","The enclitic â€œkumaâ€ expresses hope or polite request. Here, it softens the request, showing that the speaker is seeking help respectfully and tentatively.",https://www.reddit.com/r/baguio/comments/1fzgf0i/wisdom_tooth_extraction_dentist/,https://drive.google.com/file/d/1Ndw08q1YlkWfbKBrFpqmfdZCYorj-6tV/view?usp=sharing,
94,kayat yu,met,Class 3b: Pessimism / Emphasis,nakitak lang idjay tiktok ngem tatta super invested nak ittoy nga istorya and interaction hehe baka kayat yu met basaen guys,"â€œI just happened to see this on TikTok, but now Iâ€™m super invested in the story and the interaction. Hehe, maybe you guys would like to read it too.â€","The enclitic â€œmetâ€ adds emphasis and inclusivity. Here, it conveys that the speaker is tentatively inviting others to share in their experience, softening the suggestion while adding a lightly persuasive tone.",https://www.reddit.com/gallery/1g0wahe,https://drive.google.com/file/d/1h0yjN5jxUUY4VW2PnWQjmfJrigP8ExzQ/view?usp=sharing,
95,"haan, nga",kuma,Other: Hope / Necessity,Basta jy haan kuma nga frequented ti college wenu senior high,â€œAs long as that place isnâ€™t frequently visited by college or senior high students.â€,"The enclitic â€œkumaâ€ expresses hope or a wish. Here, it conveys the speakerâ€™s preference or desire that the place remain less frequented, softening the statement into a hopeful condition.",https://www.reddit.com/r/baguio/comments/1gscui2/bar_recommendations/,https://drive.google.com/file/d/1RClVbdU0BN4RHQ5XV0KuQvWOc0TyIpF0/view?usp=sharing,
96,puro da lang,met,Class 3b: Pessimism / Emphasis,uray puro da lang met drinks,â€œEven if they only have drinks.â€,"The enclitic â€œmetâ€ adds emphasis and a slightly resigned or pessimistic tone. Here, it stresses acceptance of a limited option, highlighting a sense of mild disappointment or pragmatism.",https://i.redd.it/gn3lyberc74e1.jpeg,https://drive.google.com/file/d/1TR4Fofomp6O7Y040Ls2UIdqGSmh_4uo1/view?usp=sharing,
97,ada,gayam,Other: Discovery,Ada gayam kastuyen?,â€œSo there really is a costume?â€,"The enclitic â€œgayamâ€ indicates discovery or realization. Here, it conveys the speakerâ€™s recognition or confirmation that something exists, marking a sense of surprise or new awareness.",https://i.redd.it/gn3lyberc74e1.jpeg,https://drive.google.com/file/d/1TR4Fofomp6O7Y040Ls2UIdqGSmh_4uo1/view?usp=sharing,
98,nalaka,pay,Class 1: Completion / Addition,"shot taken sa taas ng maharlikaâ€”naimas ti pares ken kape da ditoy, nalaka pay.","â€œPhoto taken at the top of Maharlikaâ€” the pares and coffee here are delicious, and also affordable.â€","The enclitic â€œpayâ€ adds a sense of addition. Here, it emphasizes an extra positive quality â€” that the food is not only tasty but also affordable.",https://i.redd.it/ihi6dzy2tf3e1.jpeg,https://drive.google.com/file/d/1kD57koS3xPIymg57ExmgK4ho-O7a5RRQ/view?usp=sharing,
99,"public, nga",gayam,Other: Discovery,This place is open to public gayam nga nabayag ngem you still have to watch your mouth ta it's a seminary.,"â€œAs it turns out, this place has been open to the public for a long time, but you still have to watch your language since itâ€™s a seminary.â€","The enclitic â€œgayamâ€ indicates discovery or realization. Here, it conveys that the speaker has just realized or confirmed that the place has been publicly accessible for a long time.",https://www.reddit.com/gallery/1i6xill,https://drive.google.com/file/d/1XKmUZABCo1t325-XCO8sJC6lxAfjdQpv/view?usp=sharing,
100,affordable metlang,met,Class 3b: Pessimism / Emphasis,Price ket affordable metlang met,â€œThe price is really affordable too.â€,"The enclitic â€œmetâ€ adds emphasis and a slight nuance of resigned acceptance or pragmatic satisfaction. Here, it stresses that the affordability is notable or reassuring, possibly in contrast to expectations.",https://www.reddit.com/gallery/1i6xill,https://drive.google.com/file/d/1XKmUZABCo1t325-XCO8sJC6lxAfjdQpv/view?usp=sharing,
101,medyo fashionable,kuma,Other: Hope / Necessity,"Baka may alam kayo mapagbilhan ng leather gloves/mits, jay medyo fashionable kuma kasla Peaky Blinders, kasi usarek pangruwar daily.","â€œDo you know any place where I can buy leather gloves/mitts â€” the fashionable kind, like in Peaky Blinders â€” since Iâ€™ll be using them daily outdoors?â€","The enclitic â€œkumaâ€ expresses hope or polite request. Here, it conveys tentative suggestion or aspiration, softening the request for advice about fashionable gloves.",https://www.reddit.com/r/baguio/comments/1idkobn/paggatangan_ti_leather_gloves/,https://drive.google.com/file/d/1UhLSQCt5LJyDbJTElhhhJVa_VRBMaNL7/view?usp=sharing,
102,binmaba,met,Class 3b: Pessimism / Emphasis,"Ket ni manong driver, binmaba met",â€œAnd the driver also got down.â€,"The enclitic â€œmetâ€ adds emphasis and a slightly resigned or matter-of-fact tone. Here, it stresses that the driverâ€™s action is included in the narrative, highlighting completion or additional observation.",https://www.reddit.com/r/baguio/comments/1iejtry/beggar_lola_sa_gov_pack/,https://drive.google.com/file/d/1PxlGoPZgU099-rLNq-XuWvB6IAipejvd/view?usp=sharing,
103,goods,met,Class 3b: Pessimism / Emphasis,If nauma kan ti Burnham; goods met ditoy,â€œTurns out there are limited spots so we can fully manage and serve those attending.â€,"The enclitic â€œmetâ€ adds emphasis and a tone of pragmatic acceptance. Here, it stresses that despite limited availability, the situation is manageable, highlighting practical acknowledgment of the circumstance.",https://www.reddit.com/gallery/1iniusy,https://drive.google.com/file/d/1goZgIynSl08BUj4RShezHNFQXymqkqP7/view?usp=sharing,
104,limited spots,gayam,Other: Discovery,Limited spots gayam so that we can fully manage and service those attending.,â€œTurns out there are limited spots so we can fully manage and serve those attending.â€,"The enclitic â€œgayamâ€ indicates discovery or realization. Here, it conveys the speakerâ€™s recognition that the limited spots are intentional to allow proper management, highlighting newfound understanding.",https://www.reddit.com/r/baguio/comments/1ixtk36/intro_to_outdoor_climbing_invitation_for_those/,https://drive.google.com/file/d/1TV7DsEeNu-8_H-y7p1-TEm1ImGdk0iBP/view?usp=sharing,
105,agsapa,pay,Class 1: Completion / Addition,"Omg ang taray niyo ha, han mi py inikat ta agsapa pay nu rabii mi ingkaten.","â€œWow, you really served it up huhâ€”we didnâ€™t even leave since it was still early, but later in the night we raised it even more.â€","The enclitic â€œpayâ€ indicates addition or continuation. Here, it emphasizes that an action or event continues or is repeated, highlighting progression from earlier to later.",https://www.reddit.com/r/baguio/comments/1j00ufq/quiboloy_posters_nakabitin_na_d_nagpaalam/,https://drive.google.com/file/d/1Ett2lpyyTVE-qlhAAPYw2S6z8ac57HQD/view?usp=sharing,
106,dumawatak lang,kuma,Other: Hope / Necessity,Dumawatak lang kuma ti opinyon yu.,â€œI just wanted to ask for your opinion.â€,"The enclitic â€œkumaâ€ expresses hope or polite request. Here, it softens the request, showing that the speaker is asking tentatively and respectfully.",https://www.reddit.com/r/baguio/comments/1j494f6/dorm_problem/,https://drive.google.com/file/d/1txHu5wSzinSRX4fR-QEjFhBXMFvRFCsz/view?usp=sharing,
107,plano mi,kuma,Other: Hope / Necessity,"Hello kakailyans, plano mi kuma apan man pumasyar Sagada, haanko amu nu ada man existing subreddit ti Sagada ngem ipadas ko man nga ditoy agdamag.",â€œI just wanted to ask for your opinion.â€,"The enclitic â€œkumaâ€ expresses hope or tentative intention. Here, it conveys that the speaker is sharing a plan politely and tentatively, softening the statement into a considerate announcement rather than a firm declaration.",https://www.reddit.com/r/baguio/comments/1jeyft3/planning_a_trip_to_sagada/,https://drive.google.com/file/d/1V7oJ7651WS9hUop2SU292joCesPzZj4Z/view?usp=sharing,
108,ada py laeng,gayam,Other: Discovery,"d ako ganon eh, makatkatawa ak lng nga ada py laeng gayam kasjay, nag evolve sila. ken 10 pesos ti photocopy da ijay pacdal isunga ixerox un dagijay papapeles u skl","â€œIâ€™m not like that, I just find it funny that thereâ€™s still something like that, they evolved. And the photocopy in Pacdal costs 10 pesos, so they just xerox the school papers there.â€","The enclitic â€œgayamâ€ indicates discovery or realization. Here, it conveys the speakerâ€™s recognition or surprise that certain things still exist or continue, highlighting newfound awareness.",https://www.reddit.com/r/baguio/comments/1jfijxw/160_pesos_for_lto_cde_exam_sa_pacdal/,https://drive.google.com/file/d/1ylwDBGbpVrbvD-YSmiWw9ndVr0wX9jBh/view?usp=sharing,
109,agsuggest kayo,man,Class 2: Impatience / Command,Agsuggest kayo man apo ti mayat nga pool/hotspring resort ijay Asin/Itogon.,â€œPlease suggest a nice pool/hot spring resort in Asin/Itogon.â€,"The enclitic â€œmanâ€ conveys impatience or insistence, often softening a command. Here, it politely urges the listeners to make suggestions without being overly forceful.",https://www.reddit.com/r/baguio/comments/1jl4l63/swimming_pool_resort_recos/,https://drive.google.com/file/d/10uQDzL_C3919GzK78TBq9XA-SeTANtWx/view?usp=sharing,
110,kayat ko mapan ag hiking,kuma,Other: Hope / Necessity,Kayat ko mapan ag hiking kuma ta camp john hay.,â€œI want to go hiking at Camp John Hay.â€,"The enclitic â€œkumaâ€ expresses hope or desire. Here, it conveys the speakerâ€™s wish or intention to go hiking, softening the statement into a hopeful aspiration rather than a firm plan.",https://www.reddit.com/r/baguio/comments/1k05qkd/camp_john_hay_trails/,https://drive.google.com/file/d/1BiOas7PVAYQnlk9OQZTQOoDtiNQsXxkF/view?usp=sharing,
111,pashare,man,Class 2: Impatience / Command,If may alam kayo pashare man apo,"â€œIf you know something, please share.â€","The enclitic â€œmanâ€ conveys a polite urging or insistence. Here, it softens the command to share information, making it courteous yet pressing.",https://www.reddit.com/r/baguio/comments/1k9llnn/business_convention/,https://drive.google.com/file/d/1ikH815P6aQ7i82QQI8T4JbEtbN-AFSIG/view?usp=sharing,
112,ibagak ngem,kuma,Other: Hope / Necessity,"Basta ti goal dita ket nu ayna jay kamayatan nga Panganan ti ""Rice Meal"" Jack's kuma ibagak ngem ayeh nag shrink met","â€œThe goal there is to find the best place to eat a â€˜Rice Meal.â€™ I was going to say Jackâ€™s, but hey, the serving has shrunk.â€","The enclitic â€œkumaâ€ expresses tentative suggestion or hope. Here, it conveys that the speaker is softly proposing a choice (Jackâ€™s) but notes a caveat, making the statement tentative rather than definitive.",https://www.reddit.com/gallery/1k85qbr,https://drive.google.com/file/d/1RHi9zxb9qe8dG1JptTPzSrmrbmOOqAJ1/view?usp=sharing,
113,ngamin,pay,Class 1: Completion / Addition,"Recently did an event ket aye, pirmi jay tapok jay place, indoor pay ngamin and everytime ag set-up and agclose kami ti stall ket umapok and my rhinitis flares up.","â€œI recently did an event and wow, the place always gets dusty, plus itâ€™s indoors. Every time we set up and close our stall, the dust kicks up and my rhinitis flares up.â€","The enclitic â€œpay ngaminâ€ adds a sense of addition or accumulation. Here, it emphasizes an additional factor (being indoors) that contributes to the situation, highlighting the compounded effect on the speaker.",https://www.reddit.com/r/baguio/comments/1kcsf2x/first_time_merchant_sa_mga_flea_marketpop_up/,https://drive.google.com/file/d/1nU72ARfsVYP4cybc4rA96DFkFG00qOV6/view?usp=sharing,
114,taga manila,ngarud,Class 5: Affirmation / Verification,"Taga manila ngarud, what would they know about Baguio?","â€œTheyâ€™re from Manila, so what would they know about Baguio?â€","The enclitic â€œngarudâ€ conveys affirmation or confirmation. Here, it emphasizes the speakerâ€™s reasoning or acceptance of a fact, underscoring the logical basis of their rhetorical question.",https://www.reddit.com/r/baguio/comments/1kcsf2x/first_time_merchant_sa_mga_flea_marketpop_up/,https://drive.google.com/file/d/1nU72ARfsVYP4cybc4rA96DFkFG00qOV6/view?usp=sharing,
115,"nalang, isuna",kuma,Other: Hope / Necessity,naging marketing officer nalang kuma isuna ta he does know how to make his name be known hahahaha,â€œHe should have just become a marketing officer since he knows how to make his name known hahahaha.â€,"The enclitic â€œkumaâ€ expresses hope or suggestion. Here, it conveys the speakerâ€™s tentative recommendation or wistful thought, suggesting an alternative course of action in a lighthearted tone.",https://www.reddit.com/r/baguio/comments/1kn451d/why_edison_bilog/,https://drive.google.com/file/d/18ynqNCaYFiccRgELXOtPdNeJ_DsVTSXU/view?usp=sharing,
116,maalalya,kuma,Other: Hope / Necessity,Maalalya kuma ti bantay dagita nu aramiden da dituy,â€œThose guards should be more alert about what people are doing here.â€,"The enclitic â€œkumaâ€ expresses hope or suggestion. Here, it conveys the speakerâ€™s wish or expectation that the guards exercise more vigilance, softening the statement into a hopeful appeal rather than a strict directive.",https://i.redd.it/6xw50vx5uh3f1.jpeg,https://drive.google.com/file/d/1TQeuc6C_yZ2oL2EtKKVXmaNzmfFw--DU/view?usp=sharing,
117,ada,met,Class 3b: Pessimism / Emphasis,"Try ko man dytuy Makita, in check ko website da ket ada met ti local dealers, isu ti apan ko nirikos.","â€œIâ€™ll try to check this out. I looked at their website and they have local dealers, so thatâ€™s where I went to buy it.â€","The enclitic â€œmetâ€ adds emphasis and a slight resigned or matter-of-fact tone. Here, it highlights that the local dealers do exist, acknowledging the situation with practical acceptance.",https://i.redd.it/awe4jxe97a6f1.png,https://drive.google.com/file/d/1FR8ZmK3S25i27twNhwEu6j6zGZ1IwVXW/view?usp=sharing,
118,dadduma,pay,Class 1: Completion / Addition,La Union ken dadduma pay,La Union and others as well,"The enclitic â€œpayâ€ indicates addition or continuation. Here, it emphasizes that La Union is included along with other locations, adding to the list or context.",,https://drive.google.com/file/d/1291CL54S4AexatdWElWc_sx5c7fB1cmK/view,
119,Awaganda,pay,Class 1: Completion / Addition,Awaganda pay ti bagbagida kas â€œSaluyotâ€â€¦,They also call themselves â€˜Saluyotâ€™â€¦,"The enclitic â€œpayâ€ indicates addition. Here, it highlights that the name â€œAwagandaâ€ is supplemented by another name, emphasizing inclusion of extra information.",,https://drive.google.com/file/d/1291CL54S4AexatdWElWc_sx5c7fB1cmK/view,
120,dadduma,pay,Class 1: Completion / Addition,kapada met laeng dagiti dadduma pay,just the same as the others as well,"The enclitic â€œpayâ€ indicates addition or continuation. Here, it emphasizes that the condition or characteristic applies to other items or people too, reinforcing the sense of inclusivity.",,https://drive.google.com/file/d/1291CL54S4AexatdWElWc_sx5c7fB1cmK/view,
121,adu,pay,Class 1: Completion / Addition,Adu pay iti pampammatiâ€¦,There are still many beliefsâ€¦,"The enclitic â€œpayâ€ indicates addition or continuation. Here, it emphasizes that the beliefs mentioned are in addition to others, highlighting a sense of continuation or accumulation.",,https://drive.google.com/file/d/1291CL54S4AexatdWElWc_sx5c7fB1cmK/view,
122,adu,met,Class 3b: Pessimism / Emphasis,Adu met a pamilia nga Ilokanoâ€¦,There are also many Ilocano familiesâ€¦,"The enclitic â€œmetâ€ adds emphasis and a slightly matter-of-fact tone. Here, it stresses that there are indeed many families, highlighting inclusion and reinforcing the statementâ€™s factual nature.",,https://drive.google.com/file/d/1291CL54S4AexatdWElWc_sx5c7fB1cmK/view,
123,kapada,met,Class 3b: Pessimism / Emphasis,kapada met laeng dagiti dadduma payâ€¦,ust the same as the others as wellâ€¦,"The enclitic â€œmetâ€ adds emphasis and a slightly resigned or matter-of-fact tone. Here, it stresses that the condition applies similarly to others, highlighting inclusion with a subtle nuance of acceptance.",,https://drive.google.com/file/d/1291CL54S4AexatdWElWc_sx5c7fB1cmK/view,
124,adu,met,Class 3b: Pessimism / Emphasis,Adu met ti napupudawâ€¦,There are also many light-skinned,"The enclitic â€œmetâ€ adds emphasis and a slightly matter-of-fact or resigned tone. Here, it stresses the presence of many light-skinned individuals, reinforcing the statement with subtle acknowledgment of the observation.",,https://drive.google.com/file/d/1291CL54S4AexatdWElWc_sx5c7fB1cmK/view,
125,adu,met,Class 3b: Pessimism / Emphasis,Adu met nga Ilokano nga agnanaedâ€¦,There are also many Ilocanos who liveâ€¦,"The enclitic â€œmetâ€ adds emphasis and a slightly matter-of-fact or resigned tone. Here, it underscores that many Ilocanos live in the area, reinforcing the factual observation with subtle acknowledgment.",,https://drive.google.com/file/d/1291CL54S4AexatdWElWc_sx5c7fB1cmK/view,
126,kas,kuma,Other: Hope / Necessity,kas koma iti Doctrina Cristianaâ€¦,as if (it were) the Doctrina Cristianaâ€¦,"The enclitic â€œkumaâ€ expresses hope, wish, or tentative supposition. Here, it conveys a hypothetical or desired scenario, softening the statement into a polite or speculative tone.",,https://drive.google.com/file/d/1291CL54S4AexatdWElWc_sx5c7fB1cmK/view,
127,tagibi,pay,Class 1: Completion / Addition,â€¦tagibi pay laeng,â€¦still in the womb,"The enclitic â€œpayâ€ indicates continuation or addition. Here, it emphasizes that the state (being in the womb) is still ongoing, highlighting temporal continuation.",,https://drive.google.com/file/d/1291CL54S4AexatdWElWc_sx5c7fB1cmK/view,
128,pinalubusan,met,Class 3b: Pessimism / Emphasis,â€¦pinalubusan met ti inana a ni Namongan.â€,"â€¦his mother, Namongan, also allowed it.","The enclitic â€œmetâ€ adds emphasis and a tone of inclusion or matter-of-factness. Here, it highlights that the motherâ€™s action is added to othersâ€™ actions, emphasizing her involvement.",,https://drive.google.com/file/d/1291CL54S4AexatdWElWc_sx5c7fB1cmK/view,
129,dadduma,pay,Class 1: Completion / Addition,dadduma pay a pagsasao,other languages as well,"The enclitic â€œpayâ€ indicates addition. Here, it emphasizes that besides the main language, other languages are included, highlighting continuation or inclusivity.",,https://drive.google.com/file/d/1SNKjzjfS0MXsLmfkTdLP54V1cs9umS9r/view,
130,maaramat,met,Class 3b: Pessimism / Emphasis,Ti balikas a pagsasao ket maaramat met kas â€¦,The word â€˜languageâ€™ is also used as â€¦,"The enclitic â€œmetâ€ adds emphasis and a matter-of-fact tone. Here, it stresses that the wordâ€™s usage extends to additional contexts, highlighting inclusion or confirmation.",,https://drive.google.com/file/d/1SNKjzjfS0MXsLmfkTdLP54V1cs9umS9r/view,
131,metten,-en,Class 1: Completion / Addition,ken kasta metten dagiti termino â€¦,and likewise the terms â€¦,"The enclitic â€œ-enâ€ in â€œmettenâ€ conveys addition or continuation. Here, it emphasizes that the terms are included in the same manner as previously mentioned items, highlighting progression or inclusion.",,https://drive.google.com/file/d/1SNKjzjfS0MXsLmfkTdLP54V1cs9umS9r/view,
132,Mabalin,pay,Class 1: Completion / Addition,Mabalin pay a mangibaga ti Ilocos ti dati a probinsiaâ€¦,Ilocos may still be referred to as the former provinceâ€¦,"The enclitic â€œpayâ€ indicates addition or continuation. Here, it emphasizes that the possibility still exists, highlighting ongoing relevance or continuity.",,https://drive.google.com/file/d/1hjw7bvIQdRM7B8OOPBUBJIHVsPX-oVs2/view,
133,ad-adu,pay,Class 1: Completion / Addition,Dagiti ad-adu pay a narikut nga organismo ket mabalinda ti makisinnaritaâ€¦,Many more complex organisms are still able to communicateâ€¦,"The enclitic â€œpayâ€ indicates addition or continuation. Here, it emphasizes that beyond the ones already mentioned, even more organisms are capable of communication, highlighting inclusion and accumulation.",,https://drive.google.com/file/d/1hjw7bvIQdRM7B8OOPBUBJIHVsPX-oVs2/view,
134,nabingbingayen,-en,Class 1: Completion / Addition,nabingbingayen ti Ilocos Norte ken Ilocos Sur,Ilocos Norte and Ilocos Sur were already divided,"The enclitic â€œ-enâ€ in â€œnabingbingayenâ€ indicates completion or result. Here, it emphasizes that the division of the provinces has been finalized, highlighting the completion of the action.",,https://drive.google.com/file/d/1jcaMt0P2hAn9fzgh-yZ73mpK0LEpRk7v/view,
135,alikamen,-en,Class 1: Completion / Addition,intrikado a tarikayo nga alikamen,intricate wooden furniture,"The enclitic â€œ-enâ€ in â€œalikamenâ€ indicates completion or definiteness. Here, it marks the noun as a specific, completed object (the wooden furniture), emphasizing its finalized or tangible state.",,https://drive.google.com/file/d/1jcaMt0P2hAn9fzgh-yZ73mpK0LEpRk7v/view,